Location,Detail Link,Image Name,Price,Property Type,Photo Count,Broker,Beds,Baths,Sqft,Lot Size,Sold Date
"242 County Road 1250, Mount Pleasant, TX",https://www.estately.com/listings/info/242-county-road-1250-mount-pleasant-tx-75455,242_County_Road_1250_Mount_Pleasant_TX.jpg,Price not listed,Sold House,1 photo,Texas Hunting Land. LLC,3,2,"2,566",,05/28/2024
"818 N Johnson Avenue, Mount Pleasant, TX",https://www.estately.com/listings/info/818-n-johnson-avenue-mount-pleasant-tx-75455,818_N_Johnson_Avenue_Mount_Pleasant_TX.jpg,Price not listed,Sold House,1 photo,Davis Country Real Estate,4,1,"1,810","10,628",05/23/2024
"416 Hickory, Mount Pleasant, TX",https://www.estately.com/listings/info/416-hickory-mount-pleasant-tx-75455,416_Hickory_Mount_Pleasant_TX.jpg,Price not listed,Sold House,1 photo,"Mayben Realty, LLC",3,2,"1,827","14,400",05/15/2024
"Tbd E 4th Street, Mount Pleasant, TX",https://www.estately.com/listings/info/tbd-e-4th-street-mount-pleasant-tx-75455,Tbd_E_4th_Street_Mount_Pleasant_TX.jpg,Price not listed,Sold Land,1 photo,"Suzie Castillo, Broker",–,–,–,"13,285",05/14/2024
"453 Private Road 1625, Mount Pleasant, TX",https://www.estately.com/listings/info/453-county-road-1625-mount-pleasant-tx-75455--1,453_Private_Road_1625_Mount_Pleasant_TX.jpg,Price not listed,Sold Land,1 photo,"Compass RE Texas, LLC",–,–,–,,05/06/2024
"453 Private Road 1625, Mount Pleasant, TX",https://www.estately.com/listings/info/453-county-road-1625-mount-pleasant-tx-75455,453_Private_Road_1625_Mount_Pleasant_TX.jpg,Price not listed,Sold House,1 photo,"Compass RE Texas, LLC",3,3,"2,600",,05/06/2024
"414 Walnut Street, Mount Pleasant, TX",https://www.estately.com/listings/info/414-walnut-street-mount-pleasant-tx-75455,414_Walnut_Street_Mount_Pleasant_TX.jpg,Price not listed,Sold House,1 photo,"Mayben Realty, LLC",3,2,"1,680","13,499",05/01/2024
"504 Alan, Mount Pleasant, TX",https://www.estately.com/listings/info/504-alan-mount-pleasant-tx-75455,504_Alan_Mount_Pleasant_TX.jpg,Price not listed,Sold House,1 photo,Lighthouse Realty,3,3,"1,961","10,890",04/29/2024
"306 Julia Street, Mount Pleasant, TX",https://www.estately.com/listings/info/306-julia-street-mount-pleasant-tx-75455,306_Julia_Street_Mount_Pleasant_TX.jpg,Price not listed,Sold House,1 photo,"Mayben Realty, LLC",3,2,"1,024","10,062",04/22/2024
"000 Carolina Way Lot 15, Mount Pleasant, TX",https://www.estately.com/listings/info/000-carolina-way-lot-15-mount-pleasant-tx-75455,000_Carolina_Way_Lot_15_Mount_Pleasant_TX.jpg,Price not listed,Sold Land,1 photo,"Mayben Realty, LLC",–,–,–,,04/12/2024
"100 Sr Community Drive, Mount Pleasant, TX",https://www.estately.com/listings/info/100-sr-community-drive-mount-pleasant-tx-75455,100_Sr_Community_Drive_Mount_Pleasant_TX.jpg,Price not listed,Sold House,1 photo,Berkshire HathawayHS PenFed TX,4,3,"2,152",,02/26/2024
"901 Deer Trail Ln., Deer Trail Ln, Mount Pleasant, TX",https://www.estately.com/listings/info/901-deer-trail-ln-deer-trail-ln-mount-pleasant-tx-75455,901_Deer_Trail_Ln_Deer_Trail_Ln_Mount_Pleasant_TX.jpg,Price not listed,Sold House,1 photo,"Town Lake Country Realty, LLC",3,2,"1,780",,01/26/2024
"516 Brookwood Drive, Mount Pleasant, TX",https://www.estately.com/listings/info/516-brookwood-drive-mount-pleasant-tx-75455--1,516_Brookwood_Drive_Mount_Pleasant_TX.jpg,Price not listed,Sold House,1 photo,"Mayben Realty, LLC",4,3,"2,142","11,251",01/03/2024
"Tbd Fm 1402, Mount Pleasant, TX",https://www.estately.com/listings/info/tbd-fm-1402-mount-pleasant-tx-75455,Tbd_Fm_1402_Mount_Pleasant_TX.jpg,Price not listed,Sold Land,1 photo,"Mayben Realty, LLC",–,–,–,,12/04/2023
"110 S Riddle, Mount Pleasant, TX",https://www.estately.com/listings/info/110-s-riddle-mount-pleasant-tx-75455,110_S_Riddle_Mount_Pleasant_TX.jpg,Price not listed,Sold Townhouse,1 photo,"Town Lake Country Realty, LLC",2,2,"1,395","6,708",11/17/2023
"000 S Williams Avenue, Mount Pleasant, TX",https://www.estately.com/listings/info/000-s-williams-avenue-mount-pleasant-tx-75455,000_S_Williams_Avenue_Mount_Pleasant_TX.jpg,Price not listed,Sold Land,1 photo,"Mayben Realty, LLC",–,–,–,,11/15/2023
"402 Dogwood, Mount Pleasant, TX",https://www.estately.com/listings/info/402-dogwood-mount-pleasant-tx-75455,402_Dogwood_Mount_Pleasant_TX.jpg,Price not listed,Sold House,1 photo,"Mayben Realty, LLC",4,3,"2,547",,11/03/2023
"43 County Road 4857, Mount Pleasant, TX",https://www.estately.com/listings/info/43-county-road-4857-mount-pleasant-tx-75455,43_County_Road_4857_Mount_Pleasant_TX.jpg,Price not listed,Sold House,1 photo,"Mayben Realty, LLC",3,3,"1,578",,10/31/2023
"909 Holly Hill, Mount Pleasant, TX",https://www.estately.com/listings/info/909-holly-hill-mount-pleasant-tx-75455,909_Holly_Hill_Mount_Pleasant_TX.jpg,Price not listed,Sold House,1 photo,"Mayben Realty, LLC",4,3,"2,615",,10/23/2023
"Tbd Cr 1734, Mount Pleasant, TX",https://www.estately.com/listings/info/tbd-cr-1734--1,Tbd_Cr_1734_Mount_Pleasant_TX.jpg,Price not listed,Sold Land,1 photo,"Town Lake Country Realty, LLC",–,–,–,,10/19/2023
"809 Van Buren, Mount Pleasant, TX",https://www.estately.com/listings/info/809-van-buren-mount-pleasant-tx-75455,809_Van_Buren_Mount_Pleasant_TX.jpg,Price not listed,Sold House,1 photo,Lighthouse Realty,3,1,"1,164","13,503",10/10/2023
"1211 Earnest Street, Mount Pleasant, TX",https://www.estately.com/listings/info/1211-earnest-street-mount-pleasant-tx-75455,1211_Earnest_Street_Mount_Pleasant_TX.jpg,Price not listed,Sold House,1 photo,C. W. Sparks Management,4,3,"1,344","9,757",09/29/2023
"395 Pvt Rd 2367, Mount Pleasant, TX",https://www.estately.com/listings/info/395-pvt-rd-2367-mount-pleasant-tx-74544,395_Pvt_Rd_2367_Mount_Pleasant_TX.jpg,Price not listed,Sold House,1 photo,"Mayben Realty, LLC",3,3,"2,324",,09/18/2023
"101 Cr 4742, Mount Pleasant, TX",https://www.estately.com/listings/info/101-cr-4742-mount-pleasant-tx-75455,101_Cr_4742_Mount_Pleasant_TX.jpg,Price not listed,Sold House,1 photo,Lighthouse Realty,3,2,"1,934",,09/08/2023
"125 S Quillie Avenue, Mount Pleasant, TX",https://www.estately.com/listings/info/125-s-quillie-avenue-mount-pleasant-tx-75455,125_S_Quillie_Avenue_Mount_Pleasant_TX.jpg,Price not listed,Sold House,1 photo,"Patrick Redfearn Realty, LLC",3,2,"1,475","10,890",09/05/2023
"1305 E 1st Street, Mount Pleasant, TX",https://www.estately.com/listings/info/1305-e-1st-street-mount-pleasant-tx-75455,1305_E_1st_Street_Mount_Pleasant_TX.jpg,Price not listed,Sold House,1 photo,Lighthouse Realty,4,2,"2,047",,08/22/2023
"Tbd Cr 2400, Mount Pleasant, TX",https://www.estately.com/listings/info/tbd-cr-2400-mount-pleasant-tx-75455,Tbd_Cr_2400_Mount_Pleasant_TX.jpg,Price not listed,Sold Land,1 photo,"Town Lake Country Realty, LLC",–,–,–,,08/11/2023
"1107 Earnest Street, Mount Pleasant, TX",https://www.estately.com/listings/info/1107-earnest-street-mount-pleasant-tx-75455,1107_Earnest_Street_Mount_Pleasant_TX.jpg,Price not listed,Sold House,1 photo,Lighthouse Realty,3,1,960,"13,503",07/31/2023
"1011 E 9th Street, Mount Pleasant, TX",https://www.estately.com/listings/info/1011-e-9th-street-mount-pleasant-tx-75455,1011_E_9th_Street_Mount_Pleasant_TX.jpg,Price not listed,Sold House,1 photo,Lighthouse Realty,4,2,"1,579","11,804",07/24/2023
"Tbd Fm 2152, Mount Pleasant, TX",https://www.estately.com/listings/info/tbd-fm-2152-mount-pleasant-tx-75455--1,Tbd_Fm_2152_Mount_Pleasant_TX.jpg,Price not listed,Sold Land,1 photo,Landmark Assocaites Realty,–,–,–,,07/24/2023
"811 E 9th Street, Mount Pleasant, TX",https://www.estately.com/listings/info/811-e-9th-street-mount-pleasant-tx-75455,811_E_9th_Street_Mount_Pleasant_TX.jpg,Price not listed,Sold House,1 photo,Lighthouse Realty,3,2,"1,433","8,624",06/02/2023
"102 Cr 4226, Mount Pleasant, TX",https://www.estately.com/listings/info/102-cr-4226-mount-pleasant-tx-75455,102_Cr_4226_Mount_Pleasant_TX.jpg,Price not listed,Sold House,1 photo,"Patrick Redfearn Realty, LLC",4,3,"2,400",,05/12/2023
"6523 Fm 1402, Mount Pleasant, TX",https://www.estately.com/listings/info/6523-fm-1402-mount-pleasant-tx-75455,6523_Fm_1402_Mount_Pleasant_TX.jpg,Price not listed,Sold House,1 photo,"Mayben Realty, LLC",2,1,828,,05/02/2023
"340 Cr 1673, Mount Pleasant, TX",https://www.estately.com/listings/info/340-cr-1673-mount-pleasant-tx-75455,340_Cr_1673_Mount_Pleasant_TX.jpg,Price not listed,Sold House,1 photo,"Mayben Realty, LLC",3,2,"1,190",,04/24/2023
"3159 Farm Market 1734, Mount Pleasant, TX",https://www.estately.com/listings/info/3159-farm-market-1734-mount-pleasant-tx-75455,3159_Farm_Market_1734_Mount_Pleasant_TX.jpg,Price not listed,Sold House,1 photo,Century 21 Landmark,4,2,"2,356",,04/21/2023
"505 Dunn, Mount Pleasant, TX",https://www.estately.com/listings/info/505-dunn-mount-pleasant-tx-75455,505_Dunn_Mount_Pleasant_TX.jpg,Price not listed,Sold House,1 photo,Lighthouse Realty,3,2,"1,849","13,068",04/18/2023
"301 Cr 1450, Mount Pleasant, TX",https://www.estately.com/listings/info/301-cr-1450-mount-pleasant-tx-75455,301_Cr_1450_Mount_Pleasant_TX.jpg,Price not listed,Sold House,1 photo,Lighthouse Realty,3,2,"1,400",,04/13/2023
"520 W Fm 71, Mount Pleasant, TX",https://www.estately.com/listings/info/520-w-fm-71-mount-pleasant-tx-75455,520_W_Fm_71_Mount_Pleasant_TX.jpg,Price not listed,Sold House,1 photo,"Mayben Realty, LLC",3,2,"1,560",,04/13/2023
"Tbd Private Road 2319, Mount Pleasant, TX",https://www.estately.com/listings/info/tbd-private-road-2319-mount-pleasant-tx-75455,Tbd_Private_Road_2319_Mount_Pleasant_TX.jpg,Price not listed,Sold Land,1 photo,Century 21 Landmark,–,–,–,,03/31/2023
"550 Cr 4765, Mount Pleasant, TX",https://www.estately.com/listings/info/550-cr-4765-mount-pleasant-tx-75455--1,550_Cr_4765_Mount_Pleasant_TX.jpg,Price not listed,Sold House,1 photo,"Mayben Realty, LLC",3,4,"2,749",,03/29/2023
"206 E Cross, Mount Pleasant, TX",https://www.estately.com/listings/info/206-e-cross-mount-pleasant-tx-75455--1,206_E_Cross_Mount_Pleasant_TX.jpg,Price not listed,Sold House,1 photo,"Mayben Realty, LLC",3,2,"1,299","11,325",03/27/2023
"8828 Fm 1402, Mount Pleasant, TX",https://www.estately.com/listings/info/8828-fm-1402-mount-pleasant-tx-75455,8828_Fm_1402_Mount_Pleasant_TX.jpg,Price not listed,Sold House,1 photo,"Mayben Realty, LLC",5,3,"3,638",,03/21/2023
"53 Cr 1357, Mount Pleasant, TX",https://www.estately.com/listings/info/53-cr-1357-mount-pleasant-tx-75455,53_Cr_1357_Mount_Pleasant_TX.jpg,Price not listed,Sold House,1 photo,"Mayben Realty, LLC",3,2,"1,402",,03/03/2023
"801 Carr Drive, Mount Pleasant, TX",https://www.estately.com/listings/info/801-carr-drive-mount-pleasant-tx-75455,801_Carr_Drive_Mount_Pleasant_TX.jpg,Price not listed,Sold House,1 photo,"Mayben Realty, LLC",3,1,"1,428","15,246",02/23/2023
"404 Dellwood, Mount Pleasant, TX",https://www.estately.com/listings/info/404-dellwood-mount-pleasant-tx-75455,404_Dellwood_Mount_Pleasant_TX.jpg,Price not listed,Sold House,1 photo,Century 21 Landmark,2,2,"1,612","11,761",02/17/2023
"63 Cr 3230, Mount Pleasant, TX",https://www.estately.com/listings/info/63-cr-3230-mount-pleasant-tx-75455,63_Cr_3230_Mount_Pleasant_TX.jpg,Price not listed,Sold House,1 photo,Davis Country Real Estate,3,2,"1,576",,01/26/2023
"701 E Fourth Street, Mount Pleasant, TX",https://www.estately.com/listings/info/701-e-fourth-street-mount-pleasant-tx-75455,701_E_Fourth_Street_Mount_Pleasant_TX.jpg,Price not listed,Sold House,1 photo,"Mayben Realty, LLC",3,2,"1,770",,01/13/2023
"703 Fleming, Mount Pleasant, TX",https://www.estately.com/listings/info/703-fleming-mount-pleasant-tx-75455,703_Fleming_Mount_Pleasant_TX.jpg,Price not listed,Sold House,1 photo,Century 21 Landmark,3,3,"2,920",,12/27/2022
"9955 Cr 1200, Mount Pleasant, TX",https://www.estately.com/listings/info/9955-cr-1200-mount-pleasant-tx-75455,9955_Cr_1200_Mount_Pleasant_TX.jpg,Price not listed,Sold Land,1 photo,"Mayben Realty, LLC",–,–,–,,12/19/2022
"1704 E 8th Street, Mount Pleasant, TX",https://www.estately.com/listings/info/1704-e-8th-street-mount-pleasant-tx-75455,1704_E_8th_Street_Mount_Pleasant_TX.jpg,Price not listed,Sold House,1 photo,Davis Country Real Estate,3,2,"1,560","8,751",12/19/2022
"503 Dunn Avenue, Mount Pleasant, TX",https://www.estately.com/listings/info/503-dunn-avenue-mount-pleasant-tx-75455,503_Dunn_Avenue_Mount_Pleasant_TX.jpg,Price not listed,Sold House,1 photo,"Mayben Realty, LLC",4,2,"2,136","14,535",12/02/2022
"Tbd Caddo Trl, Mount Pleasant, TX",https://www.estately.com/listings/info/tbd-caddo-trl-mount-pleasant-tx-75455,Tbd_Caddo_Trl_Mount_Pleasant_TX.jpg,Price not listed,Sold Land,1 photo,"Mayben Realty, LLC",–,–,–,,11/30/2022
"210 W Pecan, Mount Pleasant, TX",https://www.estately.com/listings/info/210-w-pecan-mount-pleasant-tx-75455,210_W_Pecan_Mount_Pleasant_TX.jpg,Price not listed,Sold House,1 photo,Lighthouse Realty,3,1,"1,168","11,761",11/21/2022
"507 N Cecelia Drive, Mount Pleasant, TX",https://www.estately.com/listings/info/507-n-cecelia-drive-mount-pleasant-tx-75455,507_N_Cecelia_Drive_Mount_Pleasant_TX.jpg,Price not listed,Sold House,1 photo,"Mayben Realty, LLC",3,2,"1,392",,11/11/2022
"912 W 5th Street, Mount Pleasant, TX",https://www.estately.com/listings/info/912-w-5th-street-mount-pleasant-tx-75455,912_W_5th_Street_Mount_Pleasant_TX.jpg,Price not listed,Sold House,1 photo,"Mayben Realty, LLC",2,1,"1,148","7,797",11/07/2022
"405 Rosewood, Mount Pleasant, TX",https://www.estately.com/listings/info/405-rosewood-mount-pleasant-tx-75455,405_Rosewood_Mount_Pleasant_TX.jpg,Price not listed,Sold House,1 photo,"Mayben Realty, LLC",3,2,"1,823","13,068",09/30/2022
"506 Southgate Drive, Mount Pleasant, TX",https://www.estately.com/listings/info/506-southgate-drive-mount-pleasant-tx-75455,506_Southgate_Drive_Mount_Pleasant_TX.jpg,Price not listed,Sold House,1 photo,Century 21 Landmark,4,2,"2,192",,08/31/2022
"503 Therese Court, Mount Pleasant, TX",https://www.estately.com/listings/info/503-therese-court-mount-pleasant-tx-75455,503_Therese_Court_Mount_Pleasant_TX.jpg,Price not listed,Sold House,1 photo,"Mayben Realty, LLC",3,2,"1,588",,08/22/2022
"1311 East Fourth, Mount Pleasant, TX",https://www.estately.com/listings/info/1311-east-fourth-mount-pleasant-tx-75455,1311_East_Fourth_Mount_Pleasant_TX.jpg,Price not listed,Sold House,1 photo,eXp Realty LLC,4,2,"2,044",,08/19/2022
"1402 E 1st Street, Mount Pleasant, TX",https://www.estately.com/listings/info/1402-e-1st-street-mount-pleasant-tx-75455,1402_E_1st_Street_Mount_Pleasant_TX.jpg,Price not listed,Sold House,1 photo,"Patrick Redfearn Realty, LLC",3,2,"1,739","10,759",08/18/2022
"000 Private Road 2724 Lot 19b, Mount Pleasant, TX",https://www.estately.com/listings/info/000-private-road-2724-lot-19b-mount-pleasant-tx-75455,000_Private_Road_2724_Lot_19b_Mount_Pleasant_TX.jpg,Price not listed,Sold Land,1 photo,"Mayben Realty, LLC",–,–,–,,08/17/2022
"1004 Williams Avenue, Mount Pleasant, TX",https://www.estately.com/listings/info/1004-williams-avenue-mount-pleasant-tx-75455,1004_Williams_Avenue_Mount_Pleasant_TX.jpg,Price not listed,Sold House,1 photo,Lighthouse Realty,3,2,"2,079","7,056",08/12/2022
"404 Hickory Street, Mount Pleasant, TX",https://www.estately.com/listings/info/404-hickory-street-mount-pleasant-tx-75455,404_Hickory_Street_Mount_Pleasant_TX.jpg,Price not listed,Sold House,1 photo,Lighthouse Realty,3,2,"1,625","14,418",08/05/2022
"806 E Alexander Road, Mount Pleasant, TX",https://www.estately.com/listings/info/806-e-alexander-road-mount-pleasant-tx-75455,806_E_Alexander_Road_Mount_Pleasant_TX.jpg,Price not listed,Sold Land,1 photo,Century 21 Landmark,–,–,–,,07/26/2022
"416 Brookwood, Mount Pleasant, TX",https://www.estately.com/listings/info/416-brookwood-mount-pleasant-tx-75455,416_Brookwood_Mount_Pleasant_TX.jpg,Price not listed,Sold House,1 photo,"Mayben Realty, LLC",3,2,"1,741","11,761",07/20/2022
"310 E 3rd Street, Mount Pleasant, TX",https://www.estately.com/listings/info/310-e-3rd-street-mount-pleasant-tx-75455,310_E_3rd_Street_Mount_Pleasant_TX.jpg,Price not listed,Sold House,1 photo,Lighthouse Realty,5,4,"2,348","13,939",07/15/2022
"803 E 9th Street, Mount Pleasant, TX",https://www.estately.com/listings/info/803-e-9th-street-mount-pleasant-tx-75455,803_E_9th_Street_Mount_Pleasant_TX.jpg,Price not listed,Sold House,1 photo,"Duran & Co. Realty Group, LLC",3,2,"1,401","8,651",06/03/2022
"8630 Fm 2152, Mount Pleasant, TX",https://www.estately.com/listings/info/8630-fm-2152,8630_Fm_2152_Mount_Pleasant_TX.jpg,Price not listed,Sold House,1 photo,"Mayben Realty, LLC",4,3,"3,411",,06/03/2022
"106 Stella, Mount Pleasant, TX",https://www.estately.com/listings/info/106-stella--1,106_Stella_Mount_Pleasant_TX.jpg,Price not listed,Sold House,1 photo,Century 21 Landmark,3,2,"1,588","7,405",05/25/2022
"904 W 6 Street, Mount Pleasant, TX",https://www.estately.com/listings/info/904-w-6-street--1,904_W_6_Street_Mount_Pleasant_TX.jpg,Price not listed,Sold House,1 photo,Lighthouse Realty,3,2,"1,816","10,802",05/25/2022
"641 Hays Avenue, Mount Pleasant, TX",https://www.estately.com/listings/info/641-hays-avenue,641_Hays_Avenue_Mount_Pleasant_TX.jpg,Price not listed,Sold House,1 photo,"HomeLister, Inc.",3,2,"1,407",,05/13/2022
"1083 Cr 2400, Mount Pleasant, TX",https://www.estately.com/listings/info/1083-cr-2400--1,1083_Cr_2400_Mount_Pleasant_TX.jpg,Price not listed,Sold House,1 photo,Miller Homes Group PLLC,3,3,"2,324",,05/13/2022
"395 Private Road 2367, Mount Pleasant, TX",https://www.estately.com/listings/info/395-private-road-2367--3,395_Private_Road_2367_Mount_Pleasant_TX.jpg,Price not listed,Sold House,1 photo,"Mayben Realty, LLC",4,3,"2,300",,05/13/2022
"1109 Booker Avenue, Mount Pleasant, TX",https://www.estately.com/listings/info/1109-booker-avenue--1,1109_Booker_Avenue_Mount_Pleasant_TX.jpg,Price not listed,Sold House,1 photo,Nada Homes,4,2,"1,593","12,022",05/12/2022
"Tbd County Rd 1695, Mount Pleasant, TX",https://www.estately.com/listings/info/tbd-county-rd-1695--3,Tbd_County_Rd_1695_Mount_Pleasant_TX.jpg,Price not listed,Sold Land,1 photo,"Coldwell Banker Apex, REALTORS",–,–,–,,05/06/2022
"221 Magnolia, Mount Pleasant, TX",https://www.estately.com/listings/info/221-magnolia--3,221_Magnolia_Mount_Pleasant_TX.jpg,Price not listed,Sold House,1 photo,eXp Realty LLC,3,2,"1,256","10,528",05/06/2022
"Tbd County Road 1400, Mount Pleasant, TX",https://www.estately.com/listings/info/tbd-county-road-1400--2,Tbd_County_Road_1400_Mount_Pleasant_TX.jpg,Price not listed,Sold Land,1 photo,"Town Lake Country Realty, LLC",–,–,–,,04/21/2022
"1808 Stacie, Mount Pleasant, TX",https://www.estately.com/listings/info/1808-stacie,1808_Stacie_Mount_Pleasant_TX.jpg,Price not listed,Sold House,1 photo,Century 21 Premier Group,3,2,"2,087",,04/21/2022
"141 Cr 4742, Mount Pleasant, TX",https://www.estately.com/listings/info/141-cr-4742,141_Cr_4742_Mount_Pleasant_TX.jpg,Price not listed,Sold House,1 photo,Lighthouse Realty,4,2,"2,047",,04/08/2022
"2302 Deanna, Mount Pleasant, TX",https://www.estately.com/listings/info/2302-deanna,2302_Deanna_Mount_Pleasant_TX.jpg,Price not listed,Sold House,1 photo,"Mayben Realty, LLC",3,2,"2,093","11,238",04/04/2022
"1150 E 1st Street, Mount Pleasant, TX",https://www.estately.com/listings/info/1150-e-1st-street--1,1150_E_1st_Street_Mount_Pleasant_TX.jpg,Price not listed,Sold House,1 photo,"Patrick Redfearn Realty, LLC",3,2,"1,471","11,151",04/01/2022
"707 Carr Drive, Mount Pleasant, TX",https://www.estately.com/listings/info/707-carr-drive--1,707_Carr_Drive_Mount_Pleasant_TX.jpg,Price not listed,Sold House,1 photo,"Listing Results, LLC",3,2,"1,624",,03/31/2022
"71 Cr 4742, Mount Pleasant, TX",https://www.estately.com/listings/info/71-cr-4742,71_Cr_4742_Mount_Pleasant_TX.jpg,Price not listed,Sold House,1 photo,"Mayben Realty, LLC",3,2,"2,117",,03/25/2022
"Tbd Fm 1402, Mount Pleasant, TX",https://www.estately.com/listings/info/tbd-fm-1402--2,Tbd_Fm_1402_Mount_Pleasant_TX.jpg,Price not listed,Sold Land,1 photo,"Mayben Realty, LLC",–,–,–,,02/04/2022
"Tbd Fm 2152, Mount Pleasant, TX",https://www.estately.com/listings/info/tbd-fm-2152--1,Tbd_Fm_2152_Mount_Pleasant_TX.jpg,Price not listed,Sold Land,1 photo,"Town Lake Country Realty, LLC",–,–,–,,02/02/2022
"502 Walnut Street, Mount Pleasant, TX",https://www.estately.com/listings/info/502-walnut-street--29,502_Walnut_Street_Mount_Pleasant_TX.jpg,Price not listed,Sold House,1 photo,Lighthouse Realty,3,3,"1,596",,02/01/2022
"303 W 1st Street, Mount Pleasant, TX",https://www.estately.com/listings/info/303-w-1st-street--5,303_W_1st_Street_Mount_Pleasant_TX.jpg,Price not listed,Sold House,1 photo,Century 21 Butler Real Estate,4,4,"4,400","14,374",01/28/2022
"91 Cr 4742, Mount Pleasant, TX",https://www.estately.com/listings/info/91-cr-4742--3,91_Cr_4742_Mount_Pleasant_TX.jpg,Price not listed,Sold House,1 photo,"Mayben Realty, LLC",3,2,"2,050",,01/21/2022
"1007 Stephens, Mount Pleasant, TX",https://www.estately.com/listings/info/1007-stephens--1,1007_Stephens_Mount_Pleasant_TX.jpg,Price not listed,Sold House,1 photo,"Mayben Realty, LLC",3,2,"1,424",,01/14/2022
"403 Rosewood, Mount Pleasant, TX",https://www.estately.com/listings/info/403-rosewood--3,403_Rosewood_Mount_Pleasant_TX.jpg,Price not listed,Sold House,1 photo,Century 21 Landmark,3,2,"1,821","13,503",12/29/2021
"103 Cr 1125, Mount Pleasant, TX",https://www.estately.com/listings/info/103-cr-1125--1,103_Cr_1125_Mount_Pleasant_TX.jpg,Price not listed,Sold House,1 photo,Century 21 Premier Group,4,2,"1,120",,12/22/2021
"195 Cr 1933, Mount Pleasant, TX",https://www.estately.com/listings/info/195-cr-1933--1,195_Cr_1933_Mount_Pleasant_TX.jpg,Price not listed,Sold House,1 photo,Acreage Plus Realty,3,3,"2,691",,12/10/2021
"510 Walnut St, Mount Pleasant, TX",https://www.estately.com/listings/info/510-walnut-st--10,510_Walnut_St_Mount_Pleasant_TX.jpg,Price not listed,Sold House,1 photo,"Mayben Realty, LLC",3,3,"1,836","10,454",12/09/2021
"904 Fleming, Mount Pleasant, TX",https://www.estately.com/listings/info/904-fleming--2,904_Fleming_Mount_Pleasant_TX.jpg,Price not listed,Sold House,1 photo,"Mayben Realty, LLC",5,3,"3,364",,11/24/2021
"1736 Washington, Mount Pleasant, TX",https://www.estately.com/listings/info/1736-washington--6,1736_Washington_Mount_Pleasant_TX.jpg,Price not listed,Sold House,1 photo,"Mayben Realty, LLC",2,1,776,"11,238",11/23/2021
"1002 Rikkity, Mount Pleasant, TX",https://www.estately.com/listings/info/1002-rikkity--1,1002_Rikkity_Mount_Pleasant_TX.jpg,Price not listed,Sold House,1 photo,Century 21 Landmark,3,2,"1,841","15,681",11/10/2021
"503 Rosewood, Mount Pleasant, TX",https://www.estately.com/listings/info/503-rosewood--6,503_Rosewood_Mount_Pleasant_TX.jpg,Price not listed,Sold House,1 photo,Miller Homes Group PLLC,4,3,"2,194",,11/01/2021
"517 Rosewood Street, Mount Pleasant, TX",https://www.estately.com/listings/info/517-rosewood-street--1,517_Rosewood_Street_Mount_Pleasant_TX.jpg,Price not listed,Sold House,1 photo,Century 21 Landmark,3,2,"1,938",,11/01/2021
"Tbd Hwy 271 Business, Mount Pleasant, TX",https://www.estately.com/listings/info/tbd-hwy-271-business--1,Tbd_Hwy_271_Business_Mount_Pleasant_TX.jpg,Price not listed,Sold Land,1 photo,"Town Lake Country Realty, LLC",–,–,–,,10/19/2021
"1108 Stephens Avenue, Mount Pleasant, TX",https://www.estately.com/listings/info/1108-stephens-avenue--1,1108_Stephens_Avenue_Mount_Pleasant_TX.jpg,Price not listed,Sold House,1 photo,"Mayben Realty, LLC",3,3,"1,368",,10/11/2021
"515 Dunn Avenue, Mount Pleasant, TX",https://www.estately.com/listings/info/515-dunn-avenue--1,515_Dunn_Avenue_Mount_Pleasant_TX.jpg,Price not listed,Sold House,1 photo,"Mayben Realty, LLC",3,2,"2,196",,10/08/2021
"242 Cr 4705, Mount Pleasant, TX",https://www.estately.com/listings/info/242-cr-4705--1,242_Cr_4705_Mount_Pleasant_TX.jpg,Price not listed,Sold House,1 photo,"Mayben Realty, LLC",3,3,"2,888",,10/05/2021
"410 Hickory Street, Mount Pleasant, TX",https://www.estately.com/listings/info/410-hickory-street--16,410_Hickory_Street_Mount_Pleasant_TX.jpg,Price not listed,Sold House,1 photo,The Property Shop,3,2,"1,595","14,418",10/05/2021
"1190 E 1st Street, Mount Pleasant, TX",https://www.estately.com/listings/info/1190-e-1st-street--3,1190_E_1st_Street_Mount_Pleasant_TX.jpg,Price not listed,Sold House,1 photo,"Patrick Redfearn Realty, LLC",3,2,"1,751","10,890",09/15/2021
"125 Tennison Road, Mount Pleasant, TX",https://www.estately.com/listings/info/125-tennison-road--1,125_Tennison_Road_Mount_Pleasant_TX.jpg,Price not listed,Sold Land,1 photo,The Michael Group,–,–,–,,09/10/2021
"1008 E 8th Street, Mount Pleasant, TX",https://www.estately.com/listings/info/1008-e-8th-street--1,1008_E_8th_Street_Mount_Pleasant_TX.jpg,Price not listed,Sold Land,No photo,Premier Realty Service #355,–,–,–,"8,102",08/20/2021
"1811 Gene, Mount Pleasant, TX",https://www.estately.com/listings/info/1811-gene--1,1811_Gene_Mount_Pleasant_TX.jpg,Price not listed,Sold House,1 photo,"Mayben Realty, LLC",3,2,"1,596","12,632",07/30/2021
"602 Brookwood, Mount Pleasant, TX",https://www.estately.com/listings/info/602-brookwood--1,602_Brookwood_Mount_Pleasant_TX.jpg,Price not listed,Sold House,1 photo,"Mayben Realty, LLC",3,2,"1,848","12,327",07/28/2021
"312 Cedar Street, Mount Pleasant, TX",https://www.estately.com/listings/info/312-cedar-street--19,312_Cedar_Street_Mount_Pleasant_TX.jpg,Price not listed,Sold House,1 photo,Fathom Realty,3,2,"1,718","13,111",07/01/2021
"6330 Fm 1402, Mount Pleasant, TX",https://www.estately.com/listings/info/6330-fm-1402--1,6330_Fm_1402_Mount_Pleasant_TX.jpg,Price not listed,Sold House,1 photo,"Mayben Realty, LLC",2,2,577,,06/30/2021
"1425 9 Street, Mount Pleasant, TX",https://www.estately.com/listings/info/1425-9-street--1,1425_9_Street_Mount_Pleasant_TX.jpg,Price not listed,Sold House,1 photo,Lighthouse Realty,4,2,"1,715","15,942",06/22/2021
"Tbd Pr 2724, Mount Pleasant, TX",https://www.estately.com/listings/info/tbd-pr-2724--1,Tbd_Pr_2724_Mount_Pleasant_TX.jpg,Price not listed,Sold Land,1 photo,"Mayben Realty, LLC",–,–,–,,06/22/2021
"Tract 2 Pr 4326, Mount Pleasant, TX",https://www.estately.com/listings/info/tract-2-pr-4326--1,Tract_2_Pr_4326_Mount_Pleasant_TX.jpg,Price not listed,Sold Land,1 photo,Century 21 Landmark,–,–,–,,06/18/2021
"Tract 1 Pr 4326, Mount Pleasant, TX",https://www.estately.com/listings/info/tract-1-pr-4326--1,Tract_1_Pr_4326_Mount_Pleasant_TX.jpg,Price not listed,Sold Land,1 photo,Century 21 Landmark,–,–,–,,06/18/2021
"2103 SE Williams Avenue, Mount Pleasant, TX",https://www.estately.com/listings/info/2103-se-williams-avenue--1,2103_SE_Williams_Avenue_Mount_Pleasant_TX.jpg,Price not listed,Sold House,1 photo,"Mayben Realty, LLC",3,2,"1,698","13,285",06/09/2021
"Tbd Hwy 271 Tr1, Mount Pleasant, TX",https://www.estately.com/listings/info/tbd-hwy-271-tr1--1,Tbd_Hwy_271_Tr1_Mount_Pleasant_TX.jpg,Price not listed,Sold Land,1 photo,"Mayben Realty, LLC",–,–,–,,06/07/2021
"6362 Fm 2152 Road, Mount Pleasant, TX",https://www.estately.com/listings/info/6362-fm-2152-road--1,6362_Fm_2152_Road_Mount_Pleasant_TX.jpg,Price not listed,Sold House,1 photo,Lighthouse Realty,3,2,"1,221",,06/04/2021
"806 N Forrest, Mount Pleasant, TX",https://www.estately.com/listings/info/806-n-forrest--1,806_N_Forrest_Mount_Pleasant_TX.jpg,Price not listed,Sold House,1 photo,"Mayben Realty, LLC",2,1,816,"7,840",06/03/2021
"Tbd Hwy 271, Mount Pleasant, TX",https://www.estately.com/listings/info/tbd-hwy-271--8,Tbd_Hwy_271_Mount_Pleasant_TX.jpg,Price not listed,Sold Land,1 photo,"Mayben Realty, LLC",–,–,–,,05/30/2021
"Tbd Hwy 271 Tr2, Mount Pleasant, TX",https://www.estately.com/listings/info/tbd-hwy-271-tr2--1,Tbd_Hwy_271_Tr2_Mount_Pleasant_TX.jpg,Price not listed,Sold Land,1 photo,"Mayben Realty, LLC",–,–,–,,05/28/2021
"415 Brookwood, Mount Pleasant, TX",https://www.estately.com/listings/info/415-brookwood--1,415_Brookwood_Mount_Pleasant_TX.jpg,Price not listed,Sold House,1 photo,Lighthouse Realty,3,2,"2,325",,05/26/2021
"1319 E 9th Street, Mount Pleasant, TX",https://www.estately.com/listings/info/1319-e-9th-street--2,1319_E_9th_Street_Mount_Pleasant_TX.jpg,Price not listed,Sold House,1 photo,Lighthouse Realty,3,2,"1,404","7,579",05/19/2021
"Tbd Pr 2711, Mount Pleasant, TX",https://www.estately.com/listings/info/tbd-pr-2711--3,Tbd_Pr_2711_Mount_Pleasant_TX.jpg,Price not listed,Sold Land,1 photo,"Mayben Realty, LLC",–,–,–,,05/14/2021
"820 Alexander Road, Mount Pleasant, TX",https://www.estately.com/listings/info/820-alexander-road--3,820_Alexander_Road_Mount_Pleasant_TX.jpg,Price not listed,Sold House,1 photo,Century 21 Landmark,3,2,"1,910","13,111",05/13/2021
"612 S Florey Avenue, Mount Pleasant, TX",https://www.estately.com/listings/info/612-s-florey-avenue--1,612_S_Florey_Avenue_Mount_Pleasant_TX.jpg,Price not listed,Sold House,1 photo,Lighthouse Realty,3,2,"1,312","8,712",05/07/2021
"1206 E 1 Street, Mount Pleasant, TX",https://www.estately.com/listings/info/1206-e-1-street--1,1206_E_1_Street_Mount_Pleasant_TX.jpg,Price not listed,Sold House,1 photo,"Patrick Redfearn Realty, LLC",3,2,"1,450","10,018",05/05/2021
"1501 Florey, Mount Pleasant, TX",https://www.estately.com/listings/info/1501-florey--1,1501_Florey_Mount_Pleasant_TX.jpg,Price not listed,Sold House,1 photo,"Mayben Realty, LLC",4,3,"2,934",,04/30/2021
"506 Walnut Street, Mount Pleasant, TX",https://www.estately.com/listings/info/506-walnut-street--18,506_Walnut_Street_Mount_Pleasant_TX.jpg,Price not listed,Sold House,1 photo,"Patrick Redfearn Realty, LLC",3,2,"2,059","14,200",04/27/2021
"417 Alan, Mount Pleasant, TX",https://www.estately.com/listings/info/417-alan--1,417_Alan_Mount_Pleasant_TX.jpg,Price not listed,Sold House,1 photo,Century 21 Landmark,3,3,"2,551","10,018",04/19/2021
"395 Private Road 2367, Mount Pleasant, TX",https://www.estately.com/listings/info/395-private-road-2367--2,395_Private_Road_2367_Mount_Pleasant_TX.jpg,Price not listed,Sold House,1 photo,"Mayben Realty, LLC",4,3,"2,300",,04/19/2021
"104 Mackinnon, Mount Pleasant, TX",https://www.estately.com/listings/info/104-mackinnon--1,104_Mackinnon_Mount_Pleasant_TX.jpg,Price not listed,Sold House,1 photo,Lighthouse Realty,3,2,"2,368",,04/11/2021
"2300 S. Williams, Mount Pleasant, TX",https://www.estately.com/listings/info/2300-s-williams--1,2300_S_Williams_Mount_Pleasant_TX.jpg,Price not listed,Sold House,1 photo,Century 21 Landmark,4,3,"2,181","12,632",04/09/2021
"1405 E 9th Street, Mount Pleasant, TX",https://www.estately.com/listings/info/1405-e-9th-street--1,1405_E_9th_Street_Mount_Pleasant_TX.jpg,Price not listed,Sold House,1 photo,"Patrick Redfearn Realty, LLC",3,2,"1,430","12,022",04/06/2021
"734 Cr 2600, Mount Pleasant, TX",https://www.estately.com/listings/info/734-cr-2600--2,734_Cr_2600_Mount_Pleasant_TX.jpg,Price not listed,Sold House,1 photo,"Mayben Realty, LLC",4,2,"3,150",,04/05/2021
"404 Rosewood, Mount Pleasant, TX",https://www.estately.com/listings/info/404-rosewood--4,404_Rosewood_Mount_Pleasant_TX.jpg,Price not listed,Sold House,1 photo,"Mayben Realty, LLC",4,2,"1,873","15,202",04/01/2021
"302 Park Drive, Mount Pleasant, TX",https://www.estately.com/listings/info/302-park-drive--9,302_Park_Drive_Mount_Pleasant_TX.jpg,Price not listed,Sold House,1 photo,"Mayben Realty, LLC",4,3,"3,054",,03/31/2021
"Tbd Pr 2724 Road, Mount Pleasant, TX",https://www.estately.com/listings/info/tbd-pr-2724-road--1,Tbd_Pr_2724_Road_Mount_Pleasant_TX.jpg,Price not listed,Sold Land,1 photo,"Mayben Realty, LLC",–,–,–,,03/26/2021
"403 Southgate, Mount Pleasant, TX",https://www.estately.com/listings/info/403-southgate--1,403_Southgate_Mount_Pleasant_TX.jpg,Price not listed,Sold House,1 photo,"Mayben Realty, LLC",4,2,"2,040","14,810",03/11/2021
"Tbd N Hwy 271, Mount Pleasant, TX",https://www.estately.com/listings/info/tbd-n-hwy-271--5,Tbd_N_Hwy_271_Mount_Pleasant_TX.jpg,Price not listed,Sold Land,1 photo,"Mayben Realty, LLC",–,–,–,,02/12/2021
"517 Southgate, Mount Pleasant, TX",https://www.estately.com/listings/info/517-southgate--3,517_Southgate_Mount_Pleasant_TX.jpg,Price not listed,Sold House,1 photo,Lighthouse Realty,4,3,"2,929","13,155",02/11/2021
"2686 Fm 1402, Mount Pleasant, TX",https://www.estately.com/listings/info/2686-fm-1402--1,2686_Fm_1402_Mount_Pleasant_TX.jpg,Price not listed,Sold House,1 photo,"Mayben Realty, LLC",3,2,"2,399",,02/10/2021
"91 Cr 4742, Mount Pleasant, TX",https://www.estately.com/listings/info/91-cr-4742--2,91_Cr_4742_Mount_Pleasant_TX.jpg,Price not listed,Sold Land,1 photo,Lighthouse Realty,–,–,–,,01/07/2021
"1110 4415 Road, Mount Pleasant, TX",https://www.estately.com/listings/info/1110-4415-road--1,1110_4415_Road_Mount_Pleasant_TX.jpg,Price not listed,Sold House,1 photo,Century 21 Butler Real Estate,4,4,"3,331",,01/06/2021
"228 W Cross, Mount Pleasant, TX",https://www.estately.com/listings/info/228-w-cross--1,228_W_Cross_Mount_Pleasant_TX.jpg,Price not listed,Sold House,1 photo,"Mayben Realty, LLC",2,1,"1,448",,01/04/2021
"00 Pr 4326, Mount Pleasant, TX",https://www.estately.com/listings/info/00-pr-4326--1,00_Pr_4326_Mount_Pleasant_TX.jpg,Price not listed,Sold Land,1 photo,Century 21 Landmark,–,–,–,,12/30/2020
"225 W Cross Street, Mount Pleasant, TX",https://www.estately.com/listings/info/225-w-cross-street--1,225_W_Cross_Street_Mount_Pleasant_TX.jpg,Price not listed,Sold House,1 photo,"Mayben Realty, LLC",3,1,"1,128","11,325",12/03/2020
"805 Baker, Mount Pleasant, TX",https://www.estately.com/listings/info/805-baker--3,805_Baker_Mount_Pleasant_TX.jpg,Price not listed,Sold House,1 photo,Lighthouse Realty,3,2,"1,692","9,888",11/23/2020
"303 N Florey Avenue, Mount Pleasant, TX",https://www.estately.com/listings/info/303-n-florey-avenue--2,303_N_Florey_Avenue_Mount_Pleasant_TX.jpg,Price not listed,Sold House,1 photo,Lighthouse Realty,2,1,780,"4,791",11/20/2020
"1980 4840, Mount Pleasant, TX",https://www.estately.com/listings/info/p1980-4840--1,1980_4840_Mount_Pleasant_TX.jpg,Price not listed,Sold Land,1 photo,Texas Real Estate Executives,–,–,–,,11/20/2020
"122 Cr 1125, Mount Pleasant, TX",https://www.estately.com/listings/info/122-cr-1125--1,122_Cr_1125_Mount_Pleasant_TX.jpg,Price not listed,Sold House,1 photo,"Mayben Realty, LLC",4,4,"4,159",,11/13/2020
"000 1150, Mount Pleasant, TX",https://www.estately.com/listings/info/p000-1150--1,000_1150_Mount_Pleasant_TX.jpg,Price not listed,Sold Land,1 photo,Lighthouse Realty,–,–,–,,11/12/2020
"317 W Magnolia, Mount Pleasant, TX",https://www.estately.com/listings/info/317-w-magnolia--1,317_W_Magnolia_Mount_Pleasant_TX.jpg,Price not listed,Sold Land,1 photo,Century 21 Landmark,–,–,–,,11/09/2020
"1503 Williams Avenue, Mount Pleasant, TX",https://www.estately.com/listings/info/1503-williams-avenue--2,1503_Williams_Avenue_Mount_Pleasant_TX.jpg,Price not listed,Sold House,1 photo,"Mayben Realty, LLC",3,2,"2,436",,11/09/2020
"41 Cr 4742, Mount Pleasant, TX",https://www.estately.com/listings/info/41-cr-4742--1,41_Cr_4742_Mount_Pleasant_TX.jpg,Price not listed,Sold Land,1 photo,Lighthouse Realty,–,–,–,,10/30/2020
"2370 Fm 2348, Mount Pleasant, TX",https://www.estately.com/listings/info/2370-fm-2348--1,2370_Fm_2348_Mount_Pleasant_TX.jpg,Price not listed,Sold House,1 photo,"Mayben Realty, LLC",3,3,"2,323",,10/14/2020
"910 Holly Hill, Mount Pleasant, TX",https://www.estately.com/listings/info/910-holly-hill--3,910_Holly_Hill_Mount_Pleasant_TX.jpg,Price not listed,Sold House,1 photo,"Mayben Realty, LLC",4,3,"2,809",,10/09/2020
"146 Cr 4742, Mount Pleasant, TX",https://www.estately.com/listings/info/146-cr-4742--1,146_Cr_4742_Mount_Pleasant_TX.jpg,Price not listed,Sold Land,1 photo,Lighthouse Realty,–,–,–,,10/07/2020
"3790 Fm 2348, Mount Pleasant, TX",https://www.estately.com/listings/info/3790-fm-2348--1,3790_Fm_2348_Mount_Pleasant_TX.jpg,Price not listed,Sold House,1 photo,"Mayben Realty, LLC",3,2,"1,700",,09/23/2020
"504 Southgate Drive, Mount Pleasant, TX",https://www.estately.com/listings/info/504-southgate-drive--4,504_Southgate_Drive_Mount_Pleasant_TX.jpg,Price not listed,Sold House,1 photo,"Mayben Realty, LLC",3,2,"2,606",,09/22/2020
"33 Cr 1315, Mount Pleasant, TX",https://www.estately.com/listings/info/33-cr-1315--1,33_Cr_1315_Mount_Pleasant_TX.jpg,Price not listed,Sold House,1 photo,"Mayben Realty, LLC",2,2,"1,388",,09/11/2020
"1702 Gene Drive, Mount Pleasant, TX",https://www.estately.com/listings/info/1702-gene-drive--1,1702_Gene_Drive_Mount_Pleasant_TX.jpg,Price not listed,Sold House,1 photo,NE Texas Regional Realty,3,2,"1,408","12,588",09/08/2020
"Tbd Cr 2730, Mount Pleasant, TX",https://www.estately.com/listings/info/tbd-cr-2730--8,Tbd_Cr_2730_Mount_Pleasant_TX.jpg,Price not listed,Sold Land,1 photo,"Mayben Realty, LLC",–,–,–,,09/02/2020
"1063 Cr 1220, Mount Pleasant, TX",https://www.estately.com/listings/info/1063-cr-1220--1,1063_Cr_1220_Mount_Pleasant_TX.jpg,Price not listed,Sold House,1 photo,"Mayben Realty, LLC",3,2,"1,876",,09/02/2020
"506 E Magnolia, Mount Pleasant, TX",https://www.estately.com/listings/info/506-e-magnolia--3,506_E_Magnolia_Mount_Pleasant_TX.jpg,Price not listed,Sold House,1 photo,Century 21 Landmark,3,2,"1,989","15,420",08/31/2020
"504 Fleming, Mount Pleasant, TX",https://www.estately.com/listings/info/504-fleming--1,504_Fleming_Mount_Pleasant_TX.jpg,Price not listed,Sold House,1 photo,"Mayben Realty, LLC",2,2,"2,219","16,117",08/21/2020
"1006 Williams Ave, Mount Pleasant, TX",https://www.estately.com/listings/info/1006-williams-ave--1,1006_Williams_Ave_Mount_Pleasant_TX.jpg,Price not listed,Sold Townhouse,1 photo,Century 21 Landmark,2,2,"1,369","7,405",08/19/2020
"1002 Williams Ave, Mount Pleasant, TX",https://www.estately.com/listings/info/1002-williams-ave--3,1002_Williams_Ave_Mount_Pleasant_TX.jpg,Price not listed,Sold Townhouse,1 photo,Century 21 Landmark,2,2,"1,258","5,662",08/17/2020
"Tbd County Road 1683, Mount Pleasant, TX",https://www.estately.com/listings/info/tbd-county-road-1683--1,Tbd_County_Road_1683_Mount_Pleasant_TX.jpg,Price not listed,Sold Land,1 photo,"Mayben Realty, LLC",–,–,–,,08/17/2020
"401 Dogwood Ln, Mount Pleasant, TX",https://www.estately.com/listings/info/401-dogwood-ln--1,401_Dogwood_Ln_Mount_Pleasant_TX.jpg,Price not listed,Sold House,1 photo,"Mayben Realty, LLC",3,1,638,"10,323",08/14/2020
"1203 Garden Ave., Mount Pleasant, TX",https://www.estately.com/listings/info/1203-garden-ave--2,1203_Garden_Ave_Mount_Pleasant_TX.jpg,Price not listed,Sold House,1 photo,"Mayben Realty, LLC",3,2,"1,768",,08/12/2020
"61 Cr 4742, Mount Pleasant, TX",https://www.estately.com/listings/info/61-cr-4742--1,61_Cr_4742_Mount_Pleasant_TX.jpg,Price not listed,Sold Land,1 photo,Lighthouse Realty,–,–,–,,08/05/2020
"Tbd Cr1150, Mount Pleasant, TX",https://www.estately.com/listings/info/tbd-cr1150--1,Tbd_Cr1150_Mount_Pleasant_TX.jpg,Price not listed,Sold Land,1 photo,"Town Lake Country Realty, LLC",–,–,–,,08/03/2020
"1310 Mcminn Avenue, Mount Pleasant, TX",https://www.estately.com/listings/info/1310-mcminn-avenue--1,1310_Mcminn_Avenue_Mount_Pleasant_TX.jpg,Price not listed,Sold House,1 photo,Century 21 Butler Real Estate,3,1,"1,380","12,196",07/15/2020
"9955 Cr 1220, Mount Pleasant, TX",https://www.estately.com/listings/info/9955-cr-1220--1,9955_Cr_1220_Mount_Pleasant_TX.jpg,Price not listed,Sold Land,1 photo,"Mayben Realty, LLC",–,–,–,,07/13/2020
"1101 Holly Hill, Mount Pleasant, TX",https://www.estately.com/listings/info/1101-holly-hill--2,1101_Holly_Hill_Mount_Pleasant_TX.jpg,Price not listed,Sold House,1 photo,"Mayben Realty, LLC",4,4,"3,350",,07/07/2020
"509 Fleming Drive, Mount Pleasant, TX",https://www.estately.com/listings/info/509-fleming-drive--1,509_Fleming_Drive_Mount_Pleasant_TX.jpg,Price not listed,Sold House,1 photo,Lighthouse Realty,3,2,"2,614",,07/06/2020
"906 Holly Hill Lane, Mount Pleasant, TX",https://www.estately.com/listings/info/906-holly-hill-lane--2,906_Holly_Hill_Lane_Mount_Pleasant_TX.jpg,Price not listed,Sold House,1 photo,"Mayben Realty, LLC",4,3,"2,407",,06/22/2020
"285 Lost Lake Trail, Mount Pleasant, TX",https://www.estately.com/listings/info/285-lost-lake-trail--1,285_Lost_Lake_Trail_Mount_Pleasant_TX.jpg,Price not listed,Sold Land,1 photo,"Mayben Realty, LLC",–,–,–,,06/19/2020
"5 Acres Fm 2152, Mount Pleasant, TX",https://www.estately.com/listings/info/5-acres-fm-2152--1,5_Acres_Fm_2152_Mount_Pleasant_TX.jpg,Price not listed,Sold Land,1 photo,North Realty Group,–,–,–,,06/15/2020
"150 Cr 1315, Mount Pleasant, TX",https://www.estately.com/listings/info/150-cr-1315--1,150_Cr_1315_Mount_Pleasant_TX.jpg,Price not listed,Sold House,1 photo,Lone Star Realty Winnsboro,5,4,"3,137",,06/03/2020
"521 East 3rd Street, Mount Pleasant, TX",https://www.estately.com/listings/info/521-east-3rd-street--2,521_East_3rd_Street_Mount_Pleasant_TX.jpg,Price not listed,Sold House,1 photo,Century 21 Landmark,4,2,"2,024",,05/29/2020
"2660 Fm 1402, Mount Pleasant, TX",https://www.estately.com/listings/info/2660-fm-1402--2,2660_Fm_1402_Mount_Pleasant_TX.jpg,Price not listed,Sold House,1 photo,Century 21 Landmark,3,2,"1,512",,05/28/2020
"506 Brookwood Drive, Mount Pleasant, TX",https://www.estately.com/listings/info/506-brookwood-drive--6,506_Brookwood_Drive_Mount_Pleasant_TX.jpg,Price not listed,Sold House,1 photo,Blake Phillips,4,2,"2,164","11,891",05/22/2020
"Tbd E Fm 71, Mount Pleasant, TX",https://www.estately.com/listings/info/tbd-e-fm-71--1,Tbd_E_Fm_71_Mount_Pleasant_TX.jpg,Price not listed,Sold Land,1 photo,Century 21 Landmark,–,–,–,,05/21/2020
"132 Cr 4742, Mount Pleasant, TX",https://www.estately.com/listings/info/132-cr-4742--2,132_Cr_4742_Mount_Pleasant_TX.jpg,Price not listed,Sold Land,1 photo,Century 21 Landmark,–,–,–,,05/12/2020
"810 E Fm 71, Mount Pleasant, TX",https://www.estately.com/listings/info/810-e-fm-71--1,810_E_Fm_71_Mount_Pleasant_TX.jpg,Price not listed,Sold House,1 photo,Century 21 Landmark,3,2,"1,800",,04/30/2020
"308 Carr Dr, Mount Pleasant, TX",https://www.estately.com/listings/info/308-carr-dr--1,308_Carr_Dr_Mount_Pleasant_TX.jpg,Price not listed,Sold House,1 photo,Century 21 Landmark,3,2,"2,094",,04/24/2020
"415 Hickory, Mount Pleasant, TX",https://www.estately.com/listings/info/415-hickory--1,415_Hickory_Mount_Pleasant_TX.jpg,Price not listed,Sold House,1 photo,Century 21 Landmark,3,2,"1,904","14,374",04/06/2020
"509 Rosewood, Mount Pleasant, TX",https://www.estately.com/listings/info/509-rosewood--5,509_Rosewood_Mount_Pleasant_TX.jpg,Price not listed,Sold House,1 photo,Century 21 Landmark,4,2,"1,850","10,890",02/20/2020
"413 Southgate, Mount Pleasant, TX",https://www.estately.com/listings/info/413-southgate--1,413_Southgate_Mount_Pleasant_TX.jpg,Price not listed,Sold House,1 photo,Century 21 Landmark,3,2,"2,077","14,374",02/07/2020
"Tbd E Redbud Ln, Mount Pleasant, TX",https://www.estately.com/listings/info/tbd-e-redbud-ln--1,Tbd_E_Redbud_Ln_Mount_Pleasant_TX.jpg,Price not listed,Sold Land,1 photo,Century 21 Landmark,–,–,–,,10/30/2019
"209 E Magnolia Drive, Mount Pleasant, TX",https://www.estately.com/listings/info/209-e-magnolia-drive--1,209_E_Magnolia_Drive_Mount_Pleasant_TX.jpg,Price not listed,Sold House,1 photo,Century 21 Landmark,4,2,"2,080","11,499",10/22/2019
"1009 Woodland Rd, Mount Pleasant, TX",https://www.estately.com/listings/info/1009-woodland-rd--1,1009_Woodland_Rd_Mount_Pleasant_TX.jpg,Price not listed,Sold House,1 photo,Century 21 Landmark,3,2,"1,674","13,939",10/18/2019
"503 E Magnolia, Mount Pleasant, TX",https://www.estately.com/listings/info/503-e-magnolia--2,503_E_Magnolia_Mount_Pleasant_TX.jpg,Price not listed,Sold House,1 photo,Century 21 Landmark,3,2,"2,410",,10/18/2019
"518 Southgate, Mount Pleasant, TX",https://www.estately.com/listings/info/518-southgate--2,518_Southgate_Mount_Pleasant_TX.jpg,Price not listed,Sold House,1 photo,Century 21 Landmark,4,4,"2,943","12,109",09/18/2019
"512 Rebud, Mount Pleasant, TX",https://www.estately.com/listings/info/512-rebud--1,512_Rebud_Mount_Pleasant_TX.jpg,Price not listed,Sold House,1 photo,Century 21 Landmark,3,2,"1,814",,08/23/2019
"415 Walnut St, Mount Pleasant, TX",https://www.estately.com/listings/info/415-walnut-st--13,415_Walnut_St_Mount_Pleasant_TX.jpg,Price not listed,Sold House,1 photo,Century 21 Landmark,3,2,"1,918","13,460",08/19/2019
"5280 Fm 2348, Mount Pleasant, TX",https://www.estately.com/listings/info/5280-fm-2348--1,5280_Fm_2348_Mount_Pleasant_TX.jpg,Price not listed,Sold House,1 photo,"Robbins Real Estate Group, LLC",5,4,"3,890",,08/16/2019
"242 County Road 1250, Mount Pleasant, TX",https://www.estately.com/listings/info/242-county-road-1250-mount-pleasant-tx-75455,242_County_Road_1250_Mount_Pleasant_TX.jpg,Price not listed,Sold House,1 photo,Texas Hunting Land. LLC,3,2,"2,566",,05/28/2024
"818 N Johnson Avenue, Mount Pleasant, TX",https://www.estately.com/listings/info/818-n-johnson-avenue-mount-pleasant-tx-75455,818_N_Johnson_Avenue_Mount_Pleasant_TX.jpg,Price not listed,Sold House,1 photo,Davis Country Real Estate,4,1,"1,810","10,628",05/23/2024
"Tbd E 4th Street, Mount Pleasant, TX",https://www.estately.com/listings/info/tbd-e-4th-street-mount-pleasant-tx-75455,Tbd_E_4th_Street_Mount_Pleasant_TX.jpg,Price not listed,Sold Land,1 photo,"Suzie Castillo, Broker",–,–,–,"13,285",05/14/2024
"453 Private Road 1625, Mount Pleasant, TX",https://www.estately.com/listings/info/453-county-road-1625-mount-pleasant-tx-75455,453_Private_Road_1625_Mount_Pleasant_TX.jpg,Price not listed,Sold House,1 photo,"Compass RE Texas, LLC",3,3,"2,600",,05/06/2024
"453 Private Road 1625, Mount Pleasant, TX",https://www.estately.com/listings/info/453-county-road-1625-mount-pleasant-tx-75455--1,453_Private_Road_1625_Mount_Pleasant_TX.jpg,Price not listed,Sold Land,1 photo,"Compass RE Texas, LLC",–,–,–,,05/06/2024
"000 Carolina Way Lot 15, Mount Pleasant, TX",https://www.estately.com/listings/info/000-carolina-way-lot-15-mount-pleasant-tx-75455,000_Carolina_Way_Lot_15_Mount_Pleasant_TX.jpg,Price not listed,Sold Land,1 photo,"Mayben Realty, LLC",–,–,–,,04/12/2024
"100 Sr Community Drive, Mount Pleasant, TX",https://www.estately.com/listings/info/100-sr-community-drive-mount-pleasant-tx-75455,100_Sr_Community_Drive_Mount_Pleasant_TX.jpg,Price not listed,Sold House,1 photo,Berkshire HathawayHS PenFed TX,4,3,"2,152",,02/26/2024
"913 W 12th Street, Mount Pleasant, TX",https://www.estately.com/listings/info/913-w-12th-street-mount-pleasant-tx-75455,913_W_12th_Street_Mount_Pleasant_TX.jpg,Price not listed,Sold House,1 photo,Lighthouse Realty,2,1,968,"8,651",12/13/2023
"Tbd Fm 1402, Mount Pleasant, TX",https://www.estately.com/listings/info/tbd-fm-1402-mount-pleasant-tx-75455,Tbd_Fm_1402_Mount_Pleasant_TX.jpg,Price not listed,Sold Land,1 photo,"Mayben Realty, LLC",–,–,–,,12/04/2023
"110 S Riddle, Mount Pleasant, TX",https://www.estately.com/listings/info/110-s-riddle-mount-pleasant-tx-75455,110_S_Riddle_Mount_Pleasant_TX.jpg,Price not listed,Sold Townhouse,1 photo,"Town Lake Country Realty, LLC",2,2,"1,395","6,708",11/17/2023
"43 County Road 4857, Mount Pleasant, TX",https://www.estately.com/listings/info/43-county-road-4857-mount-pleasant-tx-75455,43_County_Road_4857_Mount_Pleasant_TX.jpg,Price not listed,Sold House,1 photo,"Mayben Realty, LLC",3,3,"1,578",,10/31/2023
"Tbd Cr 1734, Mount Pleasant, TX",https://www.estately.com/listings/info/tbd-cr-1734--1,Tbd_Cr_1734_Mount_Pleasant_TX.jpg,Price not listed,Sold Land,1 photo,"Town Lake Country Realty, LLC",–,–,–,,10/19/2023
"809 Van Buren, Mount Pleasant, TX",https://www.estately.com/listings/info/809-van-buren-mount-pleasant-tx-75455,809_Van_Buren_Mount_Pleasant_TX.jpg,Price not listed,Sold House,1 photo,Lighthouse Realty,3,1,"1,164","13,503",10/10/2023
"1211 Earnest Street, Mount Pleasant, TX",https://www.estately.com/listings/info/1211-earnest-street-mount-pleasant-tx-75455,1211_Earnest_Street_Mount_Pleasant_TX.jpg,Price not listed,Sold House,1 photo,C. W. Sparks Management,4,3,"1,344","9,757",09/29/2023
"395 Pvt Rd 2367, Mount Pleasant, TX",https://www.estately.com/listings/info/395-pvt-rd-2367-mount-pleasant-tx-74544,395_Pvt_Rd_2367_Mount_Pleasant_TX.jpg,Price not listed,Sold House,1 photo,"Mayben Realty, LLC",3,3,"2,324",,09/18/2023
"101 Cr 4742, Mount Pleasant, TX",https://www.estately.com/listings/info/101-cr-4742-mount-pleasant-tx-75455,101_Cr_4742_Mount_Pleasant_TX.jpg,Price not listed,Sold House,1 photo,Lighthouse Realty,3,2,"1,934",,09/08/2023
"125 S Quillie Avenue, Mount Pleasant, TX",https://www.estately.com/listings/info/125-s-quillie-avenue-mount-pleasant-tx-75455,125_S_Quillie_Avenue_Mount_Pleasant_TX.jpg,Price not listed,Sold House,1 photo,"Patrick Redfearn Realty, LLC",3,2,"1,475","10,890",09/05/2023
"1305 E 1st Street, Mount Pleasant, TX",https://www.estately.com/listings/info/1305-e-1st-street-mount-pleasant-tx-75455,1305_E_1st_Street_Mount_Pleasant_TX.jpg,Price not listed,Sold House,1 photo,Lighthouse Realty,4,2,"2,047",,08/22/2023
"110 Mockingbird Street, Mount Pleasant, TX",https://www.estately.com/listings/info/110-mockingbird-street-mount-pleasant-tx-75455,110_Mockingbird_Street_Mount_Pleasant_TX.jpg,Price not listed,Sold House,1 photo,"Mayben Realty, LLC",3,2,"1,420",,08/15/2023
"Tbd Cr 2400, Mount Pleasant, TX",https://www.estately.com/listings/info/tbd-cr-2400-mount-pleasant-tx-75455,Tbd_Cr_2400_Mount_Pleasant_TX.jpg,Price not listed,Sold Land,1 photo,"Town Lake Country Realty, LLC",–,–,–,,08/11/2023
"1107 Earnest Street, Mount Pleasant, TX",https://www.estately.com/listings/info/1107-earnest-street-mount-pleasant-tx-75455,1107_Earnest_Street_Mount_Pleasant_TX.jpg,Price not listed,Sold House,1 photo,Lighthouse Realty,3,1,960,"13,503",07/31/2023
"1011 E 9th Street, Mount Pleasant, TX",https://www.estately.com/listings/info/1011-e-9th-street-mount-pleasant-tx-75455,1011_E_9th_Street_Mount_Pleasant_TX.jpg,Price not listed,Sold House,1 photo,Lighthouse Realty,4,2,"1,579","11,804",07/24/2023
"Tbd Fm 2152, Mount Pleasant, TX",https://www.estately.com/listings/info/tbd-fm-2152-mount-pleasant-tx-75455--1,Tbd_Fm_2152_Mount_Pleasant_TX.jpg,Price not listed,Sold Land,1 photo,Landmark Assocaites Realty,–,–,–,,07/24/2023
"811 E 9th Street, Mount Pleasant, TX",https://www.estately.com/listings/info/811-e-9th-street-mount-pleasant-tx-75455,811_E_9th_Street_Mount_Pleasant_TX.jpg,Price not listed,Sold House,1 photo,Lighthouse Realty,3,2,"1,433","8,624",06/02/2023
"102 Cr 4226, Mount Pleasant, TX",https://www.estately.com/listings/info/102-cr-4226-mount-pleasant-tx-75455,102_Cr_4226_Mount_Pleasant_TX.jpg,Price not listed,Sold House,1 photo,"Patrick Redfearn Realty, LLC",4,3,"2,400",,05/12/2023
"6523 Fm 1402, Mount Pleasant, TX",https://www.estately.com/listings/info/6523-fm-1402-mount-pleasant-tx-75455,6523_Fm_1402_Mount_Pleasant_TX.jpg,Price not listed,Sold House,1 photo,"Mayben Realty, LLC",2,1,828,,05/02/2023
"340 Cr 1673, Mount Pleasant, TX",https://www.estately.com/listings/info/340-cr-1673-mount-pleasant-tx-75455,340_Cr_1673_Mount_Pleasant_TX.jpg,Price not listed,Sold House,1 photo,"Mayben Realty, LLC",3,2,"1,190",,04/24/2023
"3159 Farm Market 1734, Mount Pleasant, TX",https://www.estately.com/listings/info/3159-farm-market-1734-mount-pleasant-tx-75455,3159_Farm_Market_1734_Mount_Pleasant_TX.jpg,Price not listed,Sold House,1 photo,Century 21 Landmark,4,2,"2,356",,04/21/2023
"505 Dunn, Mount Pleasant, TX",https://www.estately.com/listings/info/505-dunn-mount-pleasant-tx-75455,505_Dunn_Mount_Pleasant_TX.jpg,Price not listed,Sold House,1 photo,Lighthouse Realty,3,2,"1,849","13,068",04/18/2023
"301 Cr 1450, Mount Pleasant, TX",https://www.estately.com/listings/info/301-cr-1450-mount-pleasant-tx-75455,301_Cr_1450_Mount_Pleasant_TX.jpg,Price not listed,Sold House,1 photo,Lighthouse Realty,3,2,"1,400",,04/13/2023
"520 W Fm 71, Mount Pleasant, TX",https://www.estately.com/listings/info/520-w-fm-71-mount-pleasant-tx-75455,520_W_Fm_71_Mount_Pleasant_TX.jpg,Price not listed,Sold House,1 photo,"Mayben Realty, LLC",3,2,"1,560",,04/13/2023
"Tbd Private Road 2319, Mount Pleasant, TX",https://www.estately.com/listings/info/tbd-private-road-2319-mount-pleasant-tx-75455,Tbd_Private_Road_2319_Mount_Pleasant_TX.jpg,Price not listed,Sold Land,1 photo,Century 21 Landmark,–,–,–,,03/31/2023
"550 Cr 4765, Mount Pleasant, TX",https://www.estately.com/listings/info/550-cr-4765-mount-pleasant-tx-75455--1,550_Cr_4765_Mount_Pleasant_TX.jpg,Price not listed,Sold House,1 photo,"Mayben Realty, LLC",3,4,"2,749",,03/29/2023
"8828 Fm 1402, Mount Pleasant, TX",https://www.estately.com/listings/info/8828-fm-1402-mount-pleasant-tx-75455,8828_Fm_1402_Mount_Pleasant_TX.jpg,Price not listed,Sold House,1 photo,"Mayben Realty, LLC",5,3,"3,638",,03/21/2023
"53 Cr 1357, Mount Pleasant, TX",https://www.estately.com/listings/info/53-cr-1357-mount-pleasant-tx-75455,53_Cr_1357_Mount_Pleasant_TX.jpg,Price not listed,Sold House,1 photo,"Mayben Realty, LLC",3,2,"1,402",,03/03/2023
"801 Carr Drive, Mount Pleasant, TX",https://www.estately.com/listings/info/801-carr-drive-mount-pleasant-tx-75455,801_Carr_Drive_Mount_Pleasant_TX.jpg,Price not listed,Sold House,1 photo,"Mayben Realty, LLC",3,1,"1,428","15,246",02/23/2023
"63 Cr 3230, Mount Pleasant, TX",https://www.estately.com/listings/info/63-cr-3230-mount-pleasant-tx-75455,63_Cr_3230_Mount_Pleasant_TX.jpg,Price not listed,Sold House,1 photo,Davis Country Real Estate,3,2,"1,576",,01/26/2023
"701 E Fourth Street, Mount Pleasant, TX",https://www.estately.com/listings/info/701-e-fourth-street-mount-pleasant-tx-75455,701_E_Fourth_Street_Mount_Pleasant_TX.jpg,Price not listed,Sold House,1 photo,"Mayben Realty, LLC",3,2,"1,770",,01/13/2023
"9955 Cr 1200, Mount Pleasant, TX",https://www.estately.com/listings/info/9955-cr-1200-mount-pleasant-tx-75455,9955_Cr_1200_Mount_Pleasant_TX.jpg,Price not listed,Sold Land,1 photo,"Mayben Realty, LLC",–,–,–,,12/19/2022
"1704 E 8th Street, Mount Pleasant, TX",https://www.estately.com/listings/info/1704-e-8th-street-mount-pleasant-tx-75455,1704_E_8th_Street_Mount_Pleasant_TX.jpg,Price not listed,Sold House,1 photo,Davis Country Real Estate,3,2,"1,560","8,751",12/19/2022
"503 Dunn Avenue, Mount Pleasant, TX",https://www.estately.com/listings/info/503-dunn-avenue-mount-pleasant-tx-75455,503_Dunn_Avenue_Mount_Pleasant_TX.jpg,Price not listed,Sold House,1 photo,"Mayben Realty, LLC",4,2,"2,136","14,535",12/02/2022
"518 Cr 2470, Mount Pleasant, TX",https://www.estately.com/listings/info/518-cr-2470-mount-pleasant-tx-75455,518_Cr_2470_Mount_Pleasant_TX.jpg,Price not listed,Sold House,1 photo,Century 21 Landmark,2,2,"1,620",,12/01/2022
"507 N Cecelia Drive, Mount Pleasant, TX",https://www.estately.com/listings/info/507-n-cecelia-drive-mount-pleasant-tx-75455,507_N_Cecelia_Drive_Mount_Pleasant_TX.jpg,Price not listed,Sold House,1 photo,"Mayben Realty, LLC",3,2,"1,392",,11/11/2022
"912 W 5th Street, Mount Pleasant, TX",https://www.estately.com/listings/info/912-w-5th-street-mount-pleasant-tx-75455,912_W_5th_Street_Mount_Pleasant_TX.jpg,Price not listed,Sold House,1 photo,"Mayben Realty, LLC",2,1,"1,148","7,797",11/07/2022
"108 Bluebird, Mount Pleasant, TX",https://www.estately.com/listings/info/108-bluebird-mount-pleasant-tx-75455,108_Bluebird_Mount_Pleasant_TX.jpg,Price not listed,Sold House,1 photo,Lighthouse Realty,3,2,"2,220",,08/25/2022
"503 Therese Court, Mount Pleasant, TX",https://www.estately.com/listings/info/503-therese-court-mount-pleasant-tx-75455,503_Therese_Court_Mount_Pleasant_TX.jpg,Price not listed,Sold House,1 photo,"Mayben Realty, LLC",3,2,"1,588",,08/22/2022
"1311 East Fourth, Mount Pleasant, TX",https://www.estately.com/listings/info/1311-east-fourth-mount-pleasant-tx-75455,1311_East_Fourth_Mount_Pleasant_TX.jpg,Price not listed,Sold House,1 photo,eXp Realty LLC,4,2,"2,044",,08/19/2022
"1402 E 1st Street, Mount Pleasant, TX",https://www.estately.com/listings/info/1402-e-1st-street-mount-pleasant-tx-75455,1402_E_1st_Street_Mount_Pleasant_TX.jpg,Price not listed,Sold House,1 photo,"Patrick Redfearn Realty, LLC",3,2,"1,739","10,759",08/18/2022
"000 Private Road 2724 Lot 19b, Mount Pleasant, TX",https://www.estately.com/listings/info/000-private-road-2724-lot-19b-mount-pleasant-tx-75455,000_Private_Road_2724_Lot_19b_Mount_Pleasant_TX.jpg,Price not listed,Sold Land,1 photo,"Mayben Realty, LLC",–,–,–,,08/17/2022
"310 E 3rd Street, Mount Pleasant, TX",https://www.estately.com/listings/info/310-e-3rd-street-mount-pleasant-tx-75455,310_E_3rd_Street_Mount_Pleasant_TX.jpg,Price not listed,Sold House,1 photo,Lighthouse Realty,5,4,"2,348","13,939",07/15/2022
"302 E 11th, Mount Pleasant, TX",https://www.estately.com/listings/info/302-e-11th--1,302_E_11th_Mount_Pleasant_TX.jpg,Price not listed,Sold Multifamily,1 photo,"Mayben Realty, LLC",–,–,"1,248","6,969",06/21/2022
"8630 Fm 2152, Mount Pleasant, TX",https://www.estately.com/listings/info/8630-fm-2152,8630_Fm_2152_Mount_Pleasant_TX.jpg,Price not listed,Sold House,1 photo,"Mayben Realty, LLC",4,3,"3,411",,06/03/2022
"803 E 9th Street, Mount Pleasant, TX",https://www.estately.com/listings/info/803-e-9th-street-mount-pleasant-tx-75455,803_E_9th_Street_Mount_Pleasant_TX.jpg,Price not listed,Sold House,1 photo,"Duran & Co. Realty Group, LLC",3,2,"1,401","8,651",06/03/2022
"904 W 6 Street, Mount Pleasant, TX",https://www.estately.com/listings/info/904-w-6-street--1,904_W_6_Street_Mount_Pleasant_TX.jpg,Price not listed,Sold House,1 photo,Lighthouse Realty,3,2,"1,816","10,802",05/25/2022
"106 Stella, Mount Pleasant, TX",https://www.estately.com/listings/info/106-stella--1,106_Stella_Mount_Pleasant_TX.jpg,Price not listed,Sold House,1 photo,Century 21 Landmark,3,2,"1,588","7,405",05/25/2022
"641 Hays Avenue, Mount Pleasant, TX",https://www.estately.com/listings/info/641-hays-avenue,641_Hays_Avenue_Mount_Pleasant_TX.jpg,Price not listed,Sold House,1 photo,"HomeLister, Inc.",3,2,"1,407",,05/13/2022
"395 Private Road 2367, Mount Pleasant, TX",https://www.estately.com/listings/info/395-private-road-2367--3,395_Private_Road_2367_Mount_Pleasant_TX.jpg,Price not listed,Sold House,1 photo,"Mayben Realty, LLC",4,3,"2,300",,05/13/2022
"1083 Cr 2400, Mount Pleasant, TX",https://www.estately.com/listings/info/1083-cr-2400--1,1083_Cr_2400_Mount_Pleasant_TX.jpg,Price not listed,Sold House,1 photo,Miller Homes Group PLLC,3,3,"2,324",,05/13/2022
"Tbd County Rd 1695, Mount Pleasant, TX",https://www.estately.com/listings/info/tbd-county-rd-1695--3,Tbd_County_Rd_1695_Mount_Pleasant_TX.jpg,Price not listed,Sold Land,1 photo,"Coldwell Banker Apex, REALTORS",–,–,–,,05/06/2022
"Tbd County Road 1400, Mount Pleasant, TX",https://www.estately.com/listings/info/tbd-county-road-1400--2,Tbd_County_Road_1400_Mount_Pleasant_TX.jpg,Price not listed,Sold Land,1 photo,"Town Lake Country Realty, LLC",–,–,–,,04/21/2022
"141 Cr 4742, Mount Pleasant, TX",https://www.estately.com/listings/info/141-cr-4742,141_Cr_4742_Mount_Pleasant_TX.jpg,Price not listed,Sold House,1 photo,Lighthouse Realty,4,2,"2,047",,04/08/2022
"1150 E 1st Street, Mount Pleasant, TX",https://www.estately.com/listings/info/1150-e-1st-street--1,1150_E_1st_Street_Mount_Pleasant_TX.jpg,Price not listed,Sold House,1 photo,"Patrick Redfearn Realty, LLC",3,2,"1,471","11,151",04/01/2022
"707 Carr Drive, Mount Pleasant, TX",https://www.estately.com/listings/info/707-carr-drive--1,707_Carr_Drive_Mount_Pleasant_TX.jpg,Price not listed,Sold House,1 photo,"Listing Results, LLC",3,2,"1,624",,03/31/2022
"1101 N Crockett Avenue, Mount Pleasant, TX",https://www.estately.com/listings/info/1101-n-crockett-avenue--1,1101_N_Crockett_Avenue_Mount_Pleasant_TX.jpg,Price not listed,Sold House,1 photo,Nada Homes,3,2,"1,280",,03/28/2022
"71 Cr 4742, Mount Pleasant, TX",https://www.estately.com/listings/info/71-cr-4742,71_Cr_4742_Mount_Pleasant_TX.jpg,Price not listed,Sold House,1 photo,"Mayben Realty, LLC",3,2,"2,117",,03/25/2022
"Tbd Fm 1402, Mount Pleasant, TX",https://www.estately.com/listings/info/tbd-fm-1402--2,Tbd_Fm_1402_Mount_Pleasant_TX.jpg,Price not listed,Sold Land,1 photo,"Mayben Realty, LLC",–,–,–,,02/04/2022
"Tbd Fm 2152, Mount Pleasant, TX",https://www.estately.com/listings/info/tbd-fm-2152--1,Tbd_Fm_2152_Mount_Pleasant_TX.jpg,Price not listed,Sold Land,1 photo,"Town Lake Country Realty, LLC",–,–,–,,02/02/2022
"303 W 1st Street, Mount Pleasant, TX",https://www.estately.com/listings/info/303-w-1st-street--5,303_W_1st_Street_Mount_Pleasant_TX.jpg,Price not listed,Sold House,1 photo,Century 21 Butler Real Estate,4,4,"4,400","14,374",01/28/2022
"91 Cr 4742, Mount Pleasant, TX",https://www.estately.com/listings/info/91-cr-4742--3,91_Cr_4742_Mount_Pleasant_TX.jpg,Price not listed,Sold House,1 photo,"Mayben Realty, LLC",3,2,"2,050",,01/21/2022
"103 Cr 1125, Mount Pleasant, TX",https://www.estately.com/listings/info/103-cr-1125--1,103_Cr_1125_Mount_Pleasant_TX.jpg,Price not listed,Sold House,1 photo,Century 21 Premier Group,4,2,"1,120",,12/22/2021
"2304 Mckellar, Mount Pleasant, TX",https://www.estately.com/listings/info/2304-mckellar--1,2304_Mckellar_Mount_Pleasant_TX.jpg,Price not listed,Sold House,1 photo,"Mayben Realty, LLC",3,3,"3,768",,12/22/2021
"195 Cr 1933, Mount Pleasant, TX",https://www.estately.com/listings/info/195-cr-1933--1,195_Cr_1933_Mount_Pleasant_TX.jpg,Price not listed,Sold House,1 photo,Acreage Plus Realty,3,3,"2,691",,12/10/2021
"1736 Washington, Mount Pleasant, TX",https://www.estately.com/listings/info/1736-washington--6,1736_Washington_Mount_Pleasant_TX.jpg,Price not listed,Sold House,1 photo,"Mayben Realty, LLC",2,1,776,"11,238",11/23/2021
"Tbd Hwy 271 Business, Mount Pleasant, TX",https://www.estately.com/listings/info/tbd-hwy-271-business--1,Tbd_Hwy_271_Business_Mount_Pleasant_TX.jpg,Price not listed,Sold Land,1 photo,"Town Lake Country Realty, LLC",–,–,–,,10/19/2021
"242 Cr 4705, Mount Pleasant, TX",https://www.estately.com/listings/info/242-cr-4705--1,242_Cr_4705_Mount_Pleasant_TX.jpg,Price not listed,Sold House,1 photo,"Mayben Realty, LLC",3,3,"2,888",,10/05/2021
"Tbd Us Hwy 67, Mount Pleasant, TX",https://www.estately.com/listings/info/tbd-us-hwy-67--3,Tbd_Us_Hwy_67_Mount_Pleasant_TX.jpg,Price not listed,Sold Land,1 photo,"Town Lake Country Realty, LLC",–,–,–,,09/15/2021
"1190 E 1st Street, Mount Pleasant, TX",https://www.estately.com/listings/info/1190-e-1st-street--3,1190_E_1st_Street_Mount_Pleasant_TX.jpg,Price not listed,Sold House,1 photo,"Patrick Redfearn Realty, LLC",3,2,"1,751","10,890",09/15/2021
"1008 E 8th Street, Mount Pleasant, TX",https://www.estately.com/listings/info/1008-e-8th-street--1,1008_E_8th_Street_Mount_Pleasant_TX.jpg,Price not listed,Sold Land,No photo,Premier Realty Service #355,–,–,–,"8,102",08/20/2021
"1811 Gene, Mount Pleasant, TX",https://www.estately.com/listings/info/1811-gene--1,1811_Gene_Mount_Pleasant_TX.jpg,Price not listed,Sold House,1 photo,"Mayben Realty, LLC",3,2,"1,596","12,632",07/30/2021
"1707 Rotan, Mount Pleasant, TX",https://www.estately.com/listings/info/1707-rotan--1,1707_Rotan_Mount_Pleasant_TX.jpg,Price not listed,Sold House,1 photo,"Mayben Realty, LLC",3,2,"1,848",,07/29/2021
"6330 Fm 1402, Mount Pleasant, TX",https://www.estately.com/listings/info/6330-fm-1402--1,6330_Fm_1402_Mount_Pleasant_TX.jpg,Price not listed,Sold House,1 photo,"Mayben Realty, LLC",2,2,577,,06/30/2021
"2105 Micah Drive, Mount Pleasant, TX",https://www.estately.com/listings/info/2105-micah-drive--2,2105_Micah_Drive_Mount_Pleasant_TX.jpg,Price not listed,Sold House,1 photo,Keller Williams Rockwall,3,3,"2,453","10,890",06/28/2021
"Tbd Pr 2724, Mount Pleasant, TX",https://www.estately.com/listings/info/tbd-pr-2724--1,Tbd_Pr_2724_Mount_Pleasant_TX.jpg,Price not listed,Sold Land,1 photo,"Mayben Realty, LLC",–,–,–,,06/22/2021
"1425 9 Street, Mount Pleasant, TX",https://www.estately.com/listings/info/1425-9-street--1,1425_9_Street_Mount_Pleasant_TX.jpg,Price not listed,Sold House,1 photo,Lighthouse Realty,4,2,"1,715","15,942",06/22/2021
"Tract 2 Pr 4326, Mount Pleasant, TX",https://www.estately.com/listings/info/tract-2-pr-4326--1,Tract_2_Pr_4326_Mount_Pleasant_TX.jpg,Price not listed,Sold Land,1 photo,Century 21 Landmark,–,–,–,,06/18/2021
"Tract 1 Pr 4326, Mount Pleasant, TX",https://www.estately.com/listings/info/tract-1-pr-4326--1,Tract_1_Pr_4326_Mount_Pleasant_TX.jpg,Price not listed,Sold Land,1 photo,Century 21 Landmark,–,–,–,,06/18/2021
"6362 Fm 2152 Road, Mount Pleasant, TX",https://www.estately.com/listings/info/6362-fm-2152-road--1,6362_Fm_2152_Road_Mount_Pleasant_TX.jpg,Price not listed,Sold House,1 photo,Lighthouse Realty,3,2,"1,221",,06/04/2021
"806 N Forrest, Mount Pleasant, TX",https://www.estately.com/listings/info/806-n-forrest--1,806_N_Forrest_Mount_Pleasant_TX.jpg,Price not listed,Sold House,1 photo,"Mayben Realty, LLC",2,1,816,"7,840",06/03/2021
"1012 Samuel Lane, Mount Pleasant, TX",https://www.estately.com/listings/info/1012-samuel-lane--1,1012_Samuel_Lane_Mount_Pleasant_TX.jpg,Price not listed,Sold House,1 photo,Lighthouse Realty,4,2,"2,422","12,022",05/21/2021
"1319 E 9th Street, Mount Pleasant, TX",https://www.estately.com/listings/info/1319-e-9th-street--2,1319_E_9th_Street_Mount_Pleasant_TX.jpg,Price not listed,Sold House,1 photo,Lighthouse Realty,3,2,"1,404","7,579",05/19/2021
"Tbd Pr 2711, Mount Pleasant, TX",https://www.estately.com/listings/info/tbd-pr-2711--3,Tbd_Pr_2711_Mount_Pleasant_TX.jpg,Price not listed,Sold Land,1 photo,"Mayben Realty, LLC",–,–,–,,05/14/2021
"1213 Edwards St, Mount Pleasant, TX",https://www.estately.com/listings/info/1213-edwards-st--1,1213_Edwards_St_Mount_Pleasant_TX.jpg,Price not listed,Sold Land,1 photo,Century 21 Landmark,–,–,–,"6,969",05/13/2021
"612 S Florey Avenue, Mount Pleasant, TX",https://www.estately.com/listings/info/612-s-florey-avenue--1,612_S_Florey_Avenue_Mount_Pleasant_TX.jpg,Price not listed,Sold House,1 photo,Lighthouse Realty,3,2,"1,312","8,712",05/07/2021
"1206 E 1 Street, Mount Pleasant, TX",https://www.estately.com/listings/info/1206-e-1-street--1,1206_E_1_Street_Mount_Pleasant_TX.jpg,Price not listed,Sold House,1 photo,"Patrick Redfearn Realty, LLC",3,2,"1,450","10,018",05/05/2021
"395 Private Road 2367, Mount Pleasant, TX",https://www.estately.com/listings/info/395-private-road-2367--2,395_Private_Road_2367_Mount_Pleasant_TX.jpg,Price not listed,Sold House,1 photo,"Mayben Realty, LLC",4,3,"2,300",,04/19/2021
"1405 E 9th Street, Mount Pleasant, TX",https://www.estately.com/listings/info/1405-e-9th-street--1,1405_E_9th_Street_Mount_Pleasant_TX.jpg,Price not listed,Sold House,1 photo,"Patrick Redfearn Realty, LLC",3,2,"1,430","12,022",04/06/2021
"734 Cr 2600, Mount Pleasant, TX",https://www.estately.com/listings/info/734-cr-2600--2,734_Cr_2600_Mount_Pleasant_TX.jpg,Price not listed,Sold House,1 photo,"Mayben Realty, LLC",4,2,"3,150",,04/05/2021
"Tbd Pr 2724 Road, Mount Pleasant, TX",https://www.estately.com/listings/info/tbd-pr-2724-road--1,Tbd_Pr_2724_Road_Mount_Pleasant_TX.jpg,Price not listed,Sold Land,1 photo,"Mayben Realty, LLC",–,–,–,,03/26/2021
"2686 Fm 1402, Mount Pleasant, TX",https://www.estately.com/listings/info/2686-fm-1402--1,2686_Fm_1402_Mount_Pleasant_TX.jpg,Price not listed,Sold House,1 photo,"Mayben Realty, LLC",3,2,"2,399",,02/10/2021
"3555 Fm 1734, Mount Pleasant, TX",https://www.estately.com/listings/info/3555-fm-1734--1,3555_Fm_1734_Mount_Pleasant_TX.jpg,Price not listed,Sold House,1 photo,"Mayben Realty, LLC",4,5,"5,598",,01/11/2021
"91 Cr 4742, Mount Pleasant, TX",https://www.estately.com/listings/info/91-cr-4742--2,91_Cr_4742_Mount_Pleasant_TX.jpg,Price not listed,Sold Land,1 photo,Lighthouse Realty,–,–,–,,01/07/2021
"1110 4415 Road, Mount Pleasant, TX",https://www.estately.com/listings/info/1110-4415-road--1,1110_4415_Road_Mount_Pleasant_TX.jpg,Price not listed,Sold House,1 photo,Century 21 Butler Real Estate,4,4,"3,331",,01/06/2021
"00 Pr 4326, Mount Pleasant, TX",https://www.estately.com/listings/info/00-pr-4326--1,00_Pr_4326_Mount_Pleasant_TX.jpg,Price not listed,Sold Land,1 photo,Century 21 Landmark,–,–,–,,12/30/2020
"805 Baker, Mount Pleasant, TX",https://www.estately.com/listings/info/805-baker--3,805_Baker_Mount_Pleasant_TX.jpg,Price not listed,Sold House,1 photo,Lighthouse Realty,3,2,"1,692","9,888",11/23/2020
"303 N Florey Avenue, Mount Pleasant, TX",https://www.estately.com/listings/info/303-n-florey-avenue--2,303_N_Florey_Avenue_Mount_Pleasant_TX.jpg,Price not listed,Sold House,1 photo,Lighthouse Realty,2,1,780,"4,791",11/20/2020
"1980 4840, Mount Pleasant, TX",https://www.estately.com/listings/info/p1980-4840--1,1980_4840_Mount_Pleasant_TX.jpg,Price not listed,Sold Land,1 photo,Texas Real Estate Executives,–,–,–,,11/20/2020
"122 Cr 1125, Mount Pleasant, TX",https://www.estately.com/listings/info/122-cr-1125--1,122_Cr_1125_Mount_Pleasant_TX.jpg,Price not listed,Sold House,1 photo,"Mayben Realty, LLC",4,4,"4,159",,11/13/2020
"000 1150, Mount Pleasant, TX",https://www.estately.com/listings/info/p000-1150--1,000_1150_Mount_Pleasant_TX.jpg,Price not listed,Sold Land,1 photo,Lighthouse Realty,–,–,–,,11/12/2020
"2370 Fm 2348, Mount Pleasant, TX",https://www.estately.com/listings/info/2370-fm-2348--1,2370_Fm_2348_Mount_Pleasant_TX.jpg,Price not listed,Sold House,1 photo,"Mayben Realty, LLC",3,3,"2,323",,10/14/2020
"146 Cr 4742, Mount Pleasant, TX",https://www.estately.com/listings/info/146-cr-4742--1,146_Cr_4742_Mount_Pleasant_TX.jpg,Price not listed,Sold Land,1 photo,Lighthouse Realty,–,–,–,,10/07/2020
"3790 Fm 2348, Mount Pleasant, TX",https://www.estately.com/listings/info/3790-fm-2348--1,3790_Fm_2348_Mount_Pleasant_TX.jpg,Price not listed,Sold House,1 photo,"Mayben Realty, LLC",3,2,"1,700",,09/23/2020
"33 Cr 1315, Mount Pleasant, TX",https://www.estately.com/listings/info/33-cr-1315--1,33_Cr_1315_Mount_Pleasant_TX.jpg,Price not listed,Sold House,1 photo,"Mayben Realty, LLC",2,2,"1,388",,09/11/2020
"1702 Gene Drive, Mount Pleasant, TX",https://www.estately.com/listings/info/1702-gene-drive--1,1702_Gene_Drive_Mount_Pleasant_TX.jpg,Price not listed,Sold House,1 photo,NE Texas Regional Realty,3,2,"1,408","12,588",09/08/2020
"310 W 17th St., Mount Pleasant, TX",https://www.estately.com/listings/info/310-w-17th-st--3,310_W_17th_St_Mount_Pleasant_TX.jpg,Price not listed,Sold House,1 photo,"Mayben Realty, LLC",2,1,960,"12,588",09/08/2020
"1063 Cr 1220, Mount Pleasant, TX",https://www.estately.com/listings/info/1063-cr-1220--1,1063_Cr_1220_Mount_Pleasant_TX.jpg,Price not listed,Sold House,1 photo,"Mayben Realty, LLC",3,2,"1,876",,09/02/2020
"Tbd Cr 2730, Mount Pleasant, TX",https://www.estately.com/listings/info/tbd-cr-2730--8,Tbd_Cr_2730_Mount_Pleasant_TX.jpg,Price not listed,Sold Land,1 photo,"Mayben Realty, LLC",–,–,–,,09/02/2020
"Tbd Fm1734, Mount Pleasant, TX",https://www.estately.com/listings/info/tbd-fm1734--1,Tbd_Fm1734_Mount_Pleasant_TX.jpg,Price not listed,Sold Land,1 photo,"Town Lake Country Realty, LLC",–,–,–,,08/25/2020
"Tbd County Road 1683, Mount Pleasant, TX",https://www.estately.com/listings/info/tbd-county-road-1683--1,Tbd_County_Road_1683_Mount_Pleasant_TX.jpg,Price not listed,Sold Land,1 photo,"Mayben Realty, LLC",–,–,–,,08/17/2020
"1203 Garden Ave., Mount Pleasant, TX",https://www.estately.com/listings/info/1203-garden-ave--2,1203_Garden_Ave_Mount_Pleasant_TX.jpg,Price not listed,Sold House,1 photo,"Mayben Realty, LLC",3,2,"1,768",,08/12/2020
"61 Cr 4742, Mount Pleasant, TX",https://www.estately.com/listings/info/61-cr-4742--1,61_Cr_4742_Mount_Pleasant_TX.jpg,Price not listed,Sold Land,1 photo,Lighthouse Realty,–,–,–,,08/05/2020
"Tbd Cr1150, Mount Pleasant, TX",https://www.estately.com/listings/info/tbd-cr1150--1,Tbd_Cr1150_Mount_Pleasant_TX.jpg,Price not listed,Sold Land,1 photo,"Town Lake Country Realty, LLC",–,–,–,,08/03/2020
"1310 Mcminn Avenue, Mount Pleasant, TX",https://www.estately.com/listings/info/1310-mcminn-avenue--1,1310_Mcminn_Avenue_Mount_Pleasant_TX.jpg,Price not listed,Sold House,1 photo,Century 21 Butler Real Estate,3,1,"1,380","12,196",07/15/2020
"9955 Cr 1220, Mount Pleasant, TX",https://www.estately.com/listings/info/9955-cr-1220--1,9955_Cr_1220_Mount_Pleasant_TX.jpg,Price not listed,Sold Land,1 photo,"Mayben Realty, LLC",–,–,–,,07/13/2020
"2756 W Ferguson, Mount Pleasant, TX",https://www.estately.com/listings/info/2756-w-ferguson--1,2756_W_Ferguson_Mount_Pleasant_TX.jpg,Price not listed,Sold House,1 photo,"Mayben Realty, LLC",5,5,"4,454",,07/01/2020
"750 E 16th Street, Mount Pleasant, TX",https://www.estately.com/listings/info/750-e-16th-street,750_E_16th_Street_Mount_Pleasant_TX.jpg,Price not listed,Sold House,1 photo,"Town Lake Country Realty, LLC",2,1,"1,440",,06/19/2020
"285 Lost Lake Trail, Mount Pleasant, TX",https://www.estately.com/listings/info/285-lost-lake-trail--1,285_Lost_Lake_Trail_Mount_Pleasant_TX.jpg,Price not listed,Sold Land,1 photo,"Mayben Realty, LLC",–,–,–,,06/19/2020
"5 Acres Fm 2152, Mount Pleasant, TX",https://www.estately.com/listings/info/5-acres-fm-2152--1,5_Acres_Fm_2152_Mount_Pleasant_TX.jpg,Price not listed,Sold Land,1 photo,North Realty Group,–,–,–,,06/15/2020
"2207 Bob O Link Ave., Mount Pleasant, TX",https://www.estately.com/listings/info/2207-bob-o-link-ave--1,2207_Bob_O_Link_Ave_Mount_Pleasant_TX.jpg,Price not listed,Sold House,1 photo,"Mayben Realty, LLC",3,3,"2,866",,06/05/2020
"150 Cr 1315, Mount Pleasant, TX",https://www.estately.com/listings/info/150-cr-1315--1,150_Cr_1315_Mount_Pleasant_TX.jpg,Price not listed,Sold House,1 photo,Lone Star Realty Winnsboro,5,4,"3,137",,06/03/2020
"521 East 3rd Street, Mount Pleasant, TX",https://www.estately.com/listings/info/521-east-3rd-street--2,521_East_3rd_Street_Mount_Pleasant_TX.jpg,Price not listed,Sold House,1 photo,Century 21 Landmark,4,2,"2,024",,05/29/2020
"2660 Fm 1402, Mount Pleasant, TX",https://www.estately.com/listings/info/2660-fm-1402--2,2660_Fm_1402_Mount_Pleasant_TX.jpg,Price not listed,Sold House,1 photo,Century 21 Landmark,3,2,"1,512",,05/28/2020
"Tbd E Fm 71, Mount Pleasant, TX",https://www.estately.com/listings/info/tbd-e-fm-71--1,Tbd_E_Fm_71_Mount_Pleasant_TX.jpg,Price not listed,Sold Land,1 photo,Century 21 Landmark,–,–,–,,05/21/2020
"132 Cr 4742, Mount Pleasant, TX",https://www.estately.com/listings/info/132-cr-4742--2,132_Cr_4742_Mount_Pleasant_TX.jpg,Price not listed,Sold Land,1 photo,Century 21 Landmark,–,–,–,,05/12/2020
"810 E Fm 71, Mount Pleasant, TX",https://www.estately.com/listings/info/810-e-fm-71--1,810_E_Fm_71_Mount_Pleasant_TX.jpg,Price not listed,Sold House,1 photo,Century 21 Landmark,3,2,"1,800",,04/30/2020
"308 Carr Dr, Mount Pleasant, TX",https://www.estately.com/listings/info/308-carr-dr--1,308_Carr_Dr_Mount_Pleasant_TX.jpg,Price not listed,Sold House,1 photo,Century 21 Landmark,3,2,"2,094",,04/24/2020
"Tbd Fm 1734, Mount Pleasant, TX",https://www.estately.com/listings/info/tbd-fm-1734--2,Tbd_Fm_1734_Mount_Pleasant_TX.jpg,Price not listed,Sold Land,1 photo,Century 21 Landmark,–,–,–,,11/25/2019
"5280 Fm 2348, Mount Pleasant, TX",https://www.estately.com/listings/info/5280-fm-2348--1,5280_Fm_2348_Mount_Pleasant_TX.jpg,Price not listed,Sold House,1 photo,"Robbins Real Estate Group, LLC",5,4,"3,890",,08/16/2019
