Location,Detail Link,Image Name,Price,Property Type,Photo Count,Broker,Beds,Baths,Sqft,Lot Size,Days on Site
"3424 URSULINE, Galveston, TX",https://www.estately.com/listings/info/3424-ursuline-galveston-tx-77550,3424_URSULINE_Galveston_TX.jpg,"$299,900",House For Sale,20 photos,"Joe Tramonte Realty, Inc.",2,1,"1,012","5,136",
"2809 W Palm Circle, Galveston, TX",https://www.estately.com/listings/info/2809-w-palm-circle-galveston-tx-77551,2809_W_Palm_Circle_Galveston_TX.jpg,"$370,000",House For Sale,35 photos,RE/MAX Leading Edge,3,2,"1,877","6,300",
"2415 38th Street, Galveston, TX",https://www.estately.com/listings/info/2415-38th-street-galveston-tx-77550,2415_38th_Street_Galveston_TX.jpg,"$359,000",House For Sale,22 photos,Keller Williams Realty Clear Lake / NASA,2,1,"1,043","3,941",
"3807 Avenue M 1/2, Galveston, TX",https://www.estately.com/listings/info/3807-avenue-m-1-2-galveston-tx-77550--3,3807_Avenue_M_12_Galveston_TX.jpg,"$429,000",House For Sale,39 photos,Rose Above Realty,3,2,"1,324","5,140",
"3807 Avenue R, Galveston, TX",https://www.estately.com/listings/info/3807-avenue-r-galveston-tx-77550,3807_Avenue_R_Galveston_TX.jpg,"$679,000",House For Sale,7 photos,Connect Realty.com,3,2,"1,742","7,710",
"5624 Avenue L, Galveston, TX",https://www.estately.com/listings/info/5624-avenue-l-galveston-tx-77551--3,5624_Avenue_L_Galveston_TX.jpg,"$221,500",House For Sale,16 photos,Sky Homes Realty,2,2,"1,050","3,000",
"6102 Seawall Boulevard Unit 193, Galveston, TX",https://www.estately.com/listings/info/6102-seawall-boulevard-galveston-tx-77551--177,6102_Seawall_Boulevard_Unit193_Galveston_TX.jpg,"$214,900",Condo For Sale,16 photos,RE/MAX Space Center,1,1,462,462,
"3223 Avenue M, Galveston, TX",https://www.estately.com/listings/info/3223-avenue-m-galveston-tx-77550,3223_Avenue_M_Galveston_TX.jpg,"$400,000",House For Sale,44 photos,Coldwell Banker Realty - Memorial Office,6,4,"2,398","2,432",
"4818 Sherman Boulevard, Galveston, TX",https://www.estately.com/listings/info/4818-sherman-boulevard-galveston-tx-77551,4818_Sherman_Boulevard_Galveston_TX.jpg,"$550,000",House For Sale,50 photos,"Joe Tramonte Realty, Inc.",3,2.5,"2,422","6,292",
"4014 Avenue R 1/2, Galveston, TX",https://www.estately.com/listings/info/4014-avenue-r-1-2-galveston-tx-77550,4014_Avenue_R_12_Galveston_TX.jpg,"$724,900",House For Sale,48 photos,Keller Williams Premier Realty,3,4.5,"2,564","5,568",
"4924 Austin Drive, Galveston, TX",https://www.estately.com/listings/info/4924-austin-drive-galveston-tx-77551--2,4924_Austin_Drive_Galveston_TX.jpg,"$349,900",House For Sale,18 photos,Prime Realty Group,3,2,"1,574","5,000",
"2422 Avenue M, Galveston, TX",https://www.estately.com/listings/info/2422-avenue-m-galveston-tx-77550--8,2422_Avenue_M_Galveston_TX.jpg,"$485,000",House For Sale,50 photos,Better Homes and Gardens Real Estate Gary Greene - Champions,5,3,"1,632","4,368",
"702 40th Street, Galveston, TX",https://www.estately.com/listings/info/702-40th-street-galveston-tx-77550--1,702_40th_Street_Galveston_TX.jpg,"$219,950",House For Sale,19 photos,KA Realty,2,1,660,"1,764",
"6102 Seawall Boulevard Unit 158, Galveston, TX",https://www.estately.com/listings/info/6102-seawall-boulevard-galveston-tx-77551--176,6102_Seawall_Boulevard_Unit158_Galveston_TX.jpg,"$199,900",Condo For Sale,50 photos,RE/MAX Elite Properties,1,1,462,462,
"5302 Borden Avenue, Galveston, TX",https://www.estately.com/listings/info/5302-borden-avenue-galveston-tx-77551,5302_Borden_Avenue_Galveston_TX.jpg,"$259,000",House For Sale,23 photos,"Compass RE Texas, LLC - Houston",2,1,"1,072","4,200",
"6300 Seawall Boulevard Unit 9115, Galveston, TX",https://www.estately.com/listings/info/6300-seawall-boulevard-galveston-tx-77551--129,6300_Seawall_Boulevard_Unit9115_Galveston_TX.jpg,"$202,000",Condo For Sale,30 photos,"Sand N Sea Properties, LLC",1,1,474,474,
"6102 Seawall Boulevard Unit 306B, Galveston, TX",https://www.estately.com/listings/info/6102-seawall-boulevard-galveston-tx-77551--175,6102_Seawall_Boulevard_Unit306B_Galveston_TX.jpg,"$220,000",Condo For Sale,6 photos,RUTLEDGE REAL ESTATE LLC,1,1,462,462,
"1009 Avenue L, Galveston, TX",https://www.estately.com/listings/info/1009-avenue-l-galveston-tx-77550--2,1009_Avenue_L_Galveston_TX.jpg,"$499,000",House For Sale,35 photos,JPAR - The Sears Group,3,2,"1,315","2,580",
"5611 Avenue M, Galveston, TX",https://www.estately.com/listings/info/5611-avenue-m-galveston-tx-77551,5611_Avenue_M_Galveston_TX.jpg,"$430,000",House For Sale,12 photos,"UTR TEXAS, REALTORS",5,3,"1,905","3,000",
"4417 Avenue R Avenue, Galveston, TX",https://www.estately.com/listings/info/4417-avenue-r-avenue-galveston-tx-77550,4417_Avenue_R_Avenue_Galveston_TX.jpg,"$299,999",House For Sale,31 photos,RE/MAX Universal,2,1,"1,044","5,160",
"3727 Ursuline Avenue, Galveston, TX",https://www.estately.com/listings/info/3727-ursuline-corner-galveston-tx-77550,3727_Ursuline_Avenue_Galveston_TX.jpg,"$259,000",House For Sale,14 photos,The Local Agents Real Estate LLC,2,1,–,,
"3822 Avenue O 1/2, Galveston, TX",https://www.estately.com/listings/info/3822-avenue-o-1-2-galveston-tx-77550,3822_Avenue_O_12_Galveston_TX.jpg,"$349,777",House For Sale,35 photos,"Texas Flat Fee, REALTORS",2,2,"1,015","4,080",
"2116 Church Street Unit 3C, Galveston, TX",https://www.estately.com/listings/info/2116-church-street-galveston-tx-77550--1,2116_Church_Street_Unit3C_Galveston_TX.jpg,"$449,500",Condo For Sale,26 photos,"Sand N Sea Properties, LLC",2,2,"1,112","1,112",
"711 17th Street, Galveston, TX",https://www.estately.com/listings/info/711-17th-street-galveston-tx-77550,711_17th_Street_Galveston_TX.jpg,"$349,000",House For Sale,27 photos,Better Homes and Gardens Real Estate Gary Greene - Galveston West End,2,1,"1,000","1,500",
"5703 Fraser Avenue, Galveston, TX",https://www.estately.com/listings/info/5703-fraser-avenue-galveston-tx-77551--2,5703_Fraser_Avenue_Galveston_TX.jpg,"$269,900",House For Sale,24 photos,Great Wall Realty LLC,3,2,"1,727","6,000",
"2315 35th Street, Galveston, TX",https://www.estately.com/listings/info/2315-35th-street-galveston-tx-77550--1,2315_35th_Street_Galveston_TX.jpg,"$215,000",House For Sale,21 photos,Realm Real Estate Professionals - Katy,2,2,936,"1,550",
"1401 Avenue L, Galveston, TX",https://www.estately.com/listings/info/1401-avenue-l-galveston-tx-77550,1401_Avenue_L_Galveston_TX.jpg,"$380,000",House For Sale,33 photos,"Sand N Sea Properties, LLC",3,2,"1,160","2,611",
"215 Postoffice Street Unit 1004, Galveston, TX",https://www.estately.com/listings/info/215-postoffice-street-galveston-tx-77550--2,215_Postoffice_Street_Unit1004_Galveston_TX.jpg,"$195,000",Condo For Sale,14 photos,Eaton Realty,2,1,756,756,
"60 Grand Beach Boulevard, Galveston, TX",https://www.estately.com/listings/info/60-grand-beach-boulevard-galveston-tx-77550,60_Grand_Beach_Boulevard_Galveston_TX.jpg,"$1,249,000",House For Sale,35 photos,5th Stream Realty,4,3.5,"2,282","6,025",
"404 1st Street, Galveston, TX",https://www.estately.com/listings/info/404-1st-street-galveston-tx-77550,404_1st_Street_Galveston_TX.jpg,"$249,900",Townhouse For Sale,15 photos,Galveston Island Real Estate,2,2.5,"1,440","2,515",
"415 E Beach Drive Unit 408, Galveston, TX",https://www.estately.com/listings/info/415-e-beach-drive-galveston-tx-77550--31,415_E_Beach_Drive_Unit408_Galveston_TX.jpg,"$245,000",Condo For Sale,27 photos,eXp Realty LLC,–,1,416,,
"313 14th Street, Galveston, TX",https://www.estately.com/listings/info/313-14th-street-galveston-tx-77550--9,313_14th_Street_Galveston_TX.jpg,"$549,900",House For Sale,46 photos,RE/MAX Leading Edge,3,2,"1,748","2,542",
"1302 Winnie Street, Galveston, TX",https://www.estately.com/listings/info/1302-winnie-street-galveston-tx-77550,1302_Winnie_Street_Galveston_TX.jpg,"$1,150,000",Multifamily For Sale,34 photos,JPAR - The Sears Group,12,7,"3,888","5,160",
"701 39th Street, Galveston, TX",https://www.estately.com/listings/info/701-39th-street-galveston-tx-77550,701_39th_Street_Galveston_TX.jpg,"$49,500",Land For Sale,4 photos,Keller Williams Realty Clear Lake / NASA,–,–,–,"1,720",
"4025 Avenue M, Galveston, TX",https://www.estately.com/listings/info/4025-avenue-m-galveston-tx-77550,4025_Avenue_M_Galveston_TX.jpg,"$79,500",Land For Sale,5 photos,Keller Williams Realty Clear Lake / NASA,–,–,–,"3,126",
"750 Beachtown Passage, Galveston, TX",https://www.estately.com/listings/info/750-beachtown-passage-galveston-tx-77550--3,750_Beachtown_Passage_Galveston_TX.jpg,"$1,149,000",House For Sale,47 photos,"Beachtown Realty, LLC",3,3.5,"2,268","3,800",
"7217 Poplar Drive, Galveston, TX",https://www.estately.com/listings/info/7217-poplar-drive-galveston-tx-77551--3,7217_Poplar_Drive_Galveston_TX.jpg,"$368,000",House For Sale,27 photos,RE/MAX Leading Edge,4,2,"2,202","6,890",
"712 44th Street, Galveston, TX",https://www.estately.com/listings/info/712-44th-street-galveston-tx-77550--2,712_44th_Street_Galveston_TX.jpg,"$279,000",House For Sale,33 photos,Keller Williams Realty Clear Lake / NASA,2,1,"1,000","1,600",
"3330 Avenue Q 1/2, Galveston, TX",https://www.estately.com/listings/info/3330-avenue-q-1-2-galveston-tx-77550,3330_Avenue_Q_12_Galveston_TX.jpg,"$549,000",House For Sale,26 photos,RE/MAX Leading Edge,4,3.5,"1,920","4,080",
"500 Seawall Boulevard Unit 1014, Galveston, TX",https://www.estately.com/listings/info/500-seawall-boulevard-galveston-tx-77550--21,500_Seawall_Boulevard_Unit1014_Galveston_TX.jpg,"$1,100,000",Condo For Sale,30 photos,Berkshire Hathaway Home Services,3,2.5,"1,619",,
"801 E Beach Drive Unit BC1110, Galveston, TX",https://www.estately.com/listings/info/801-e-beach-drive-galveston-tx-77550--53,801_E_Beach_Drive_UnitBC1110_Galveston_TX.jpg,"$975,000",Condo For Sale,48 photos,HomeSmart,2,2,"1,296",,
"415 E East Beach Drive Drive Unit 104, Galveston, TX",https://www.estately.com/listings/info/415-e-east-beach-drive-drive-galveston-tx-77550,415_E_East_Beach_Drive_Drive_Unit104_Galveston_TX.jpg,"$339,000",Condo For Sale,40 photos,Camelot Realty Group,2,1,831,,
"4119 Sealy Street, Galveston, TX",https://www.estately.com/listings/info/4119-sealy-street-galveston-tx-77550--2,4119_Sealy_Street_Galveston_TX.jpg,"$69,900",Land For Sale,2 photos,Real Estate Connection Int,–,–,–,"3,960",
"4115 Avenue T 1/2, Galveston, TX",https://www.estately.com/listings/info/4115-avenue-t-1-2-galveston-tx-77550--1,4115_Avenue_T_12_Galveston_TX.jpg,"$475,000",Multifamily For Sale,31 photos,"eXp Realty, LLC",1,1,"1,660","2,568",
"1102 36th Street, Galveston, TX",https://www.estately.com/listings/info/1102-36th-street-galveston-tx-77550,1102_36th_Street_Galveston_TX.jpg,"$759,000",House For Sale,50 photos,Coldwell Banker TGRE,3,3.5,"1,810","2,546",
"5109 Avenue L, Galveston, TX",https://www.estately.com/listings/info/5109-avenue-l-galveston-tx-77551,5109_Avenue_L_Galveston_TX.jpg,"$239,000",Multifamily For Sale,27 photos,Stoneburner & Associates,–,1,"1,216","3,000",
"5621 Avenue Q 1/2, Galveston, TX",https://www.estately.com/listings/info/5621-avenue-q-1-2-galveston-tx-77557,5621_Avenue_Q_12_Galveston_TX.jpg,"$255,000",House For Sale,12 photos,Keystone Realty Group,2,1,934,"5,998",
"2212 48th Street, Galveston, TX",https://www.estately.com/listings/info/2212-48th-street-galveston-tx-77551,2212_48th_Street_Galveston_TX.jpg,"$189,900",House For Sale,26 photos,Velasco Realty Partners,2,1,"1,060","3,000",
"5827 Avenue R, Galveston, TX",https://www.estately.com/listings/info/5827-avenue-r-galveston-tx-77551--2,5827_Avenue_R_Galveston_TX.jpg,"$380,000",House For Sale,20 photos,"CB&A, Realtors",4,3,"1,500","3,078",
"6115 Heards Ln, Galveston, TX",https://www.estately.com/listings/info/6115-heards-ln-galveston-tx-77551,6115_Heards_Ln_Galveston_TX.jpg,"$159,000",Land For Sale,1 photo,"LMI Group, LLC",–,–,–,"3,912",
"5920 Avenue R, Galveston, TX",https://www.estately.com/listings/info/5920-avenue-r-galveston-tx-77551--1,5920_Avenue_R_Galveston_TX.jpg,"$299,000",House For Sale,21 photos,Rose Above Realty,3,2,"1,200","6,000",
"1624 Avenue N 1/2, Galveston, TX",https://www.estately.com/listings/info/1624-avenue-n-1-2-galveston-tx-77550,1624_Avenue_N_12_Galveston_TX.jpg,"$559,900",House For Sale,38 photos,Exit Realty Pro,3,2,"1,560","3,000",
"4116 Avenue T, Galveston, TX",https://www.estately.com/listings/info/4116-avenue-t-galveston-tx-77550--2,4116_Avenue_T_Galveston_TX.jpg,"$525,000",House For Sale,37 photos,"Sand N Sea Properties, LLC",5,3,"2,782","5,160",
"1411 13th Street, Galveston, TX",https://www.estately.com/listings/info/1411-13th-street-galveston-tx-77550,1411_13th_Street_Galveston_TX.jpg,"$489,000",House For Sale,21 photos,"Compass RE Texas, LLC - Houston",3,2,"1,490","2,568",
"5 Colony Park Circle, Galveston, TX",https://www.estately.com/listings/info/5-colony-park-circle-galveston-tx-77551,5_Colony_Park_Circle_Galveston_TX.jpg,"$484,500",House For Sale,31 photos,Better Homes and Gardens Real Estate Gary Greene-Gary Greene-Galveston Intown,3,2,"2,520","8,250",
"4823 Avenue O, Galveston, TX",https://www.estately.com/listings/info/4823-avenue-o-galveston-tx-77551,4823_Avenue_O_Galveston_TX.jpg,"$429,000",House For Sale,35 photos,Nan & Company Properties,4,3,"2,302","6,000",
"6300 Seawall Boulevard Unit 3126, Galveston, TX",https://www.estately.com/listings/info/6300-seawall-boulevard-galveston-tx-77551--128,6300_Seawall_Boulevard_Unit3126_Galveston_TX.jpg,"$229,000",Condo For Sale,50 photos,Carter Signature Properties,1,1,480,480,
"1807 Avenue O, Galveston, TX",https://www.estately.com/listings/info/1807-avenue-o-galveston-tx-77550--4,1807_Avenue_O_Galveston_TX.jpg,"$465,000",Multifamily For Sale,42 photos,Keller Williams Signature,4,3,"2,036","5,140",
"2911 Broadway, Galveston, TX",https://www.estately.com/listings/info/2911-broadway-galveston-tx-77550--2,2911_Broadway_Galveston_TX.jpg,"$975,000",House For Sale,48 photos,RE/MAX Leading Edge,5,3,"4,692","10,280",
"1624 Ave N 1/2, Galveston, TX",https://www.estately.com/listings/info/1624-ave-n-1-2-galveston-tx-77550,1624_Ave_N_12_Galveston_TX.jpg,"$559,900",House For Sale,38 photos,Exit Realty Pro,3,2,"1,560","3,001",
"5623 Avenue Q, Galveston, TX",https://www.estately.com/listings/info/5623-avenue-q-galveston-tx-77551,5623_Avenue_Q_Galveston_TX.jpg,"$495,000",Multifamily For Sale,30 photos,eXp Realty LLC,–,2,"1,750","4,800",
"4009 Avenue N 1/2, Galveston, TX",https://www.estately.com/listings/info/4009-avenue-n-1-2-galveston-tx-77550--1,4009_Avenue_N_12_Galveston_TX.jpg,"$385,000",House For Sale,24 photos,eXp Realty LLC,3,3,"1,744","2,568",
"5124 Rear O 1/2 Avenue, Galveston, TX",https://www.estately.com/listings/info/5124-rear-o-1-2-avenue-galveston-tx-77551--1,5124_Rear_O_12_Avenue_Galveston_TX.jpg,"$268,000",House For Sale,39 photos,"Joe Tramonte Realty, Inc.",1,1,735,,
"1326 27th Street, Galveston, TX",https://www.estately.com/listings/info/1326-27th-street-galveston-tx-77550--1,1326_27th_Street_Galveston_TX.jpg,"$88,888",Land For Sale,3 photos,Coastal Living Properties,–,–,–,"1,541",
"6300 Seawall Boulevard Unit 2301, Galveston, TX",https://www.estately.com/listings/info/6300-seawall-boulevard-galveston-tx-77551--127,6300_Seawall_Boulevard_Unit2301_Galveston_TX.jpg,"$349,900",Condo For Sale,18 photos,Texas Signature Realty,3,1.5,721,721,
"1902 22nd Street, Galveston, TX",https://www.estately.com/listings/info/1902-22nd-street-galveston-tx-77550,1902_22nd_Street_Galveston_TX.jpg,"$599,000",House For Sale,32 photos,"eXp Realty, LLC",3,2,"1,489","1,720",
"4725 Avenue P 1/2, Galveston, TX",https://www.estately.com/listings/info/4725-avenue-p-1-2-galveston-tx-77551,4725_Avenue_P_12_Galveston_TX.jpg,"$319,000",House For Sale,41 photos,Coldwell Banker TGRE,2,1,"1,169","6,000",
"3533 Avenue M, Galveston, TX",https://www.estately.com/listings/info/3533-avenue-m-galveston-tx-77550--5,3533_Avenue_M_Galveston_TX.jpg,"$425,000",House For Sale,37 photos,Coldwell Banker TGRE,4,2,"1,420","3,277",
"1516 Avenue K, Galveston, TX",https://www.estately.com/listings/info/1516-avenue-k-galveston-tx-77550--3,1516_Avenue_K_Galveston_TX.jpg,"$699,999",Multifamily For Sale,23 photos,"Texas Ally Real Estate Group, LLC",3,1,"2,919","5,140",
"3513 Ursuline Street, Galveston, TX",https://www.estately.com/listings/info/3513-ursuline-street-galveston-tx-77550,3513_Ursuline_Street_Galveston_TX.jpg,"$37,500",Land For Sale,4 photos,Co/Max Holding & Realty Co.,–,–,–,"2,570",
"1029 62nd Street, Galveston, TX",https://www.estately.com/listings/info/1029-62nd-street-galveston-tx-77551,1029_62nd_Street_Galveston_TX.jpg,"$375,000",Multifamily For Sale,33 photos,"Sand N Sea Properties, LLC",2,1,"1,816","3,990",
"3912 Sealy, Galveston, TX",https://www.estately.com/listings/info/3912-sealy-galveston-tx-77550,3912_Sealy_Galveston_TX.jpg,"$175,000",House For Sale,8 photos,Coldwell Banker Realty - Heights,1,1,912,"5,160",
"3616 Avenue P 1/2, Galveston, TX",https://www.estately.com/listings/info/3616-avenue-p-1-2-galveston-tx-77550--3,3616_Avenue_P_12_Galveston_TX.jpg,"$340,000",House For Sale,36 photos,Coldwell Banker Realty - Pearland Office,2,1,936,"2,500",
"4107 Avenue M 1/2, Galveston, TX",https://www.estately.com/listings/info/4107-avenue-m-1-2-galveston-tx-77550--1,4107_Avenue_M_12_Galveston_TX.jpg,"$329,000",House For Sale,12 photos,Realty Associates,2,1,"1,008","3,624",
"1 Maple Lane, Galveston, TX",https://www.estately.com/listings/info/1-maple-lane-galveston-tx-77551--1,1_Maple_Lane_Galveston_TX.jpg,"$395,000",House For Sale,22 photos,Better Homes and Gardens Real Estate Gary Greene - Galveston West End,4,3,"2,441","6,958",
"215 Post Office Street Unit 304, Galveston, TX",https://www.estately.com/listings/info/215-post-office-street-galveston-tx-77550--19,215_Post_Office_Street_Unit304_Galveston_TX.jpg,"$174,000",Condo For Sale,38 photos,Rock Center Realty,2,2,"1,079","1,079",
"2025 Avenue N 1/2, Galveston, TX",https://www.estately.com/listings/info/2025-avenue-n-1-2-galveston-tx-77550--1,2025_Avenue_N_12_Galveston_TX.jpg,"$389,000",Multifamily For Sale,15 photos,Carnes Realty Group LLC,–,–,"3,412","2,500",
"2418 35th Street, Galveston, TX",https://www.estately.com/listings/info/2418-35th-street-galveston-tx-77550--5,2418_35th_Street_Galveston_TX.jpg,"$299,900",House For Sale,22 photos,Keller Williams Memorial,2,1,980,"3,440",
"2907 Avenue M 1/2, Galveston, TX",https://www.estately.com/listings/info/2907-avenue-m-1-2-galveston-tx-77550--2,2907_Avenue_M_12_Galveston_TX.jpg,"$500,000",House For Sale,33 photos,Keller Williams Realty Clear Lake / NASA,4,2,"1,422","5,136",
"3202 Avenue P 1/2, Galveston, TX",https://www.estately.com/listings/info/3202-avenue-p-1-2-galveston-tx-77550--1,3202_Avenue_P_12_Galveston_TX.jpg,"$599,900",House For Sale,31 photos,Coldwell Banker Realty - Heights,3,3.5,"2,843","4,004",
"6102 Seawall Blvd, Unit 128, Galveston, TX",https://www.estately.com/listings/info/6102-seawall-blvd-unit-128-galveston-tx-77551,6102_Seawall_Blvd_Unit_128_Galveston_TX.jpg,"$165,000",Condo For Sale,15 photos,"Sand N Sea Properties, LLC",1,1,462,462,
"6102 Seawall Blvd, Unit 126, Galveston, TX",https://www.estately.com/listings/info/6102-seawall-blvd-unit-126-galveston-tx-77551,6102_Seawall_Blvd_Unit_126_Galveston_TX.jpg,"$165,000",Condo For Sale,15 photos,"Sand N Sea Properties, LLC",1,1,462,462,
"5402 Avenue R, Galveston, TX",https://www.estately.com/listings/info/5402-avenue-r-galveston-tx-77551,5402_Avenue_R_Galveston_TX.jpg,"$279,900",Multifamily For Sale,18 photos,"Joe Tramonte Realty, Inc.",–,2,"1,280","4,463",
"5728 Avenue R, Galveston, TX",https://www.estately.com/listings/info/5728-avenue-r-galveston-tx-77551,5728_Avenue_R_Galveston_TX.jpg,"$459,000",House For Sale,26 photos,Tevas Real Estate Group INC,3,2,"1,800","4,557",
"2006 Avenue K, Galveston, TX",https://www.estately.com/listings/info/2006-avenue-k-galveston-tx-77550--1,2006_Avenue_K_Galveston_TX.jpg,"$525,000",House For Sale,32 photos,eXp Realty LLC,3,2.5,"2,064","2,558",
"2800 E Palm Circle, Galveston, TX",https://www.estately.com/listings/info/2800-e-palm-circle-galveston-tx-77551,2800_E_Palm_Circle_Galveston_TX.jpg,"$475,000",House For Sale,37 photos,Sky Homes Realty,5,4,"2,145","6,312",
"5828 Maco Street, Galveston, TX",https://www.estately.com/listings/info/5828-maco-street-galveston-tx-77551,5828_Maco_Street_Galveston_TX.jpg,"$335,000",House For Sale,27 photos,HomeSmart,3,2,"1,344","6,000",
"1213 28th Street, Galveston, TX",https://www.estately.com/listings/info/1213-28th-street-galveston-tx-77550--1,1213_28th_Street_Galveston_TX.jpg,"$239,999",Multifamily For Sale,25 photos,Texas Skyline Properties,1,1,"1,728","1,356",
"1827 Avenue M, Galveston, TX",https://www.estately.com/listings/info/1827-avenue-m-galveston-tx-77550,1827_Avenue_M_Galveston_TX.jpg,"$559,000",House For Sale,46 photos,Lee DeForke Jr.,4,2.5,"1,869","2,322",
"3617 Avenue S 1/2, Galveston, TX",https://www.estately.com/listings/info/3617-avenue-s-1-2-galveston-tx-77550--2,3617_Avenue_S_12_Galveston_TX.jpg,"$367,000",House For Sale,45 photos,Keller Williams Premier Realty,2,1,901,"6,955",
"1528 Market Street, Galveston, TX",https://www.estately.com/listings/info/1528-market-street-galveston-tx-77550,1528_Market_Street_Galveston_TX.jpg,"$519,000",House For Sale,49 photos,Carnes Realty Group LLC,3,1.5,"1,444","2,566",
"2316 Hollywood Avenue, Galveston, TX",https://www.estately.com/listings/info/2316-hollywood-avenue-galveston-tx-77551,2316_Hollywood_Avenue_Galveston_TX.jpg,"$399,000",House For Sale,22 photos,Keller Williams Preferred,2,1,855,"5,200",
"406 17th Street, Galveston, TX",https://www.estately.com/listings/info/406-17th-street-galveston-tx-77550--1,406_17th_Street_Galveston_TX.jpg,"$415,000",House For Sale,26 photos,"Sand N Sea Properties, LLC",3,2.5,"1,456","1,962",
"2717 Post Office Street, Galveston, TX",https://www.estately.com/listings/info/2717-post-office-street-galveston-tx-77550--2,2717_Post_Office_Street_Galveston_TX.jpg,"$79,500",Land For Sale,10 photos,JPAR - The Sears Group,–,–,–,"3,426",
"2415 Church Street, Galveston, TX",https://www.estately.com/listings/info/2415-church-street-galveston-tx-77550,2415_Church_Street_Galveston_TX.jpg,"$2,500,000",House For Sale,49 photos,"Joe Tramonte Realty, Inc.",3,3.5,"18,192","16,320",
"34 Grand Beach Boulevard, Galveston, TX",https://www.estately.com/listings/info/34-grand-beach-boulevard-galveston-tx-77550,34_Grand_Beach_Boulevard_Galveston_TX.jpg,"$1,849,000",House For Sale,49 photos,United Real Estate,5,4.5,"3,796","6,178",
"5721 Sylvia Drive, Galveston, TX",https://www.estately.com/listings/info/5721-sylvia-drive-galveston-tx-77551--2,5721_Sylvia_Drive_Galveston_TX.jpg,"$235,000",House For Sale,15 photos,KSP,2,1,728,"4,138",
"4021 Avenue N 1/2, Galveston, TX",https://www.estately.com/listings/info/4021-avenue-n-1-2-galveston-tx-77550,4021_Avenue_N_12_Galveston_TX.jpg,"$749,000",House For Sale,35 photos,"Compass RE Texas, LLC - Houston",3,3.5,"2,178","3,852",
"1309 Harbor View Drive, Galveston, TX",https://www.estately.com/listings/info/1309-harbor-view-drive-galveston-tx-77550,1309_Harbor_View_Drive_Galveston_TX.jpg,"$1,150,000",House For Sale,45 photos,RE/MAX Signature,4,2,"2,700",,
"1510 22nd Street, Galveston, TX",https://www.estately.com/listings/info/1510-22nd-street-galveston-tx-77550--1,1510_22nd_Street_Galveston_TX.jpg,"$319,999",House For Sale,16 photos,Uno Realty LLC,2,2,"1,116","2,995",
"810 & 814 Ramsar Road, Galveston, TX",https://www.estately.com/listings/info/810-ramsar-road-galveston-tx-77550--1,810__814_Ramsar_Road_Galveston_TX.jpg,"$175,000",Land For Sale,23 photos,Mark Dimas Properties,–,–,–,"4,000",
"2027 54th Street, Galveston, TX",https://www.estately.com/listings/info/2027-54th-street-galveston-tx-77551--5,2027_54th_Street_Galveston_TX.jpg,"$335,000",House For Sale,21 photos,My Castle Realty,3,2,"1,664","3,000",
"4218 Winnie Street, Galveston, TX",https://www.estately.com/listings/info/4218-winnie-street-galveston-tx-77550,4218_Winnie_Street_Galveston_TX.jpg,"$349,000",Multifamily For Sale,8 photos,ABSOLUTE Realty Group Inc.,4,3,"2,898","2,580",
"2912 Avenue N 1/2, Galveston, TX",https://www.estately.com/listings/info/2912-avenue-n-1-2-galveston-tx-77550--1,2912_Avenue_N_12_Galveston_TX.jpg,"$425,000",House For Sale,36 photos,Dash Realty,4,2,"1,336","4,236",
"4817 Avenue P, Galveston, TX",https://www.estately.com/listings/info/4817-avenue-p-galveston-tx-77551,4817_Avenue_P_Galveston_TX.jpg,"$305,000",House For Sale,44 photos,Coldwell Banker TGRE,2,1,"2,283","4,500",
"1228 Avenue L, Galveston, TX",https://www.estately.com/listings/info/1228-avenue-l-galveston-tx-77550,1228_Avenue_L_Galveston_TX.jpg,"$669,000",House For Sale,26 photos,"Lone Star Condo Network, LLC",2,2.5,"1,554","5,160",
"2811 Winnie Street, Galveston, TX",https://www.estately.com/listings/info/2811-winnie-street-galveston-tx-77550--2,2811_Winnie_Street_Galveston_TX.jpg,"$610,777",House For Sale,25 photos,"Texas Flat Fee, REALTORS",4,2,"1,440","3,530",
"2809 Winnie Street, Galveston, TX",https://www.estately.com/listings/info/2809-winnie-street-galveston-tx-77550--2,2809_Winnie_Street_Galveston_TX.jpg,"$610,777",House For Sale,33 photos,"Texas Flat Fee, REALTORS",4,2,"1,440","3,530",
"2015 36th Street, Galveston, TX",https://www.estately.com/listings/info/2015-36th-street-galveston-tx-77550--3,2015_36th_Street_Galveston_TX.jpg,"$334,900",House For Sale,42 photos,"Compass RE Texas, LLC - The Heights",4,2,"1,920","1,820",
"6300 Seawall Boulevard Unit 9121, Galveston, TX",https://www.estately.com/listings/info/6300-seawall-boulevard-galveston-tx-77551--126,6300_Seawall_Boulevard_Unit9121_Galveston_TX.jpg,"$179,990",Condo For Sale,30 photos,Better Homes and Gardens Real Estate Gary Greene - Katy,1,1,474,474,
"424 15th Street Unit 111, Galveston, TX",https://www.estately.com/listings/info/424-15th-street-galveston-tx-77550--2,424_15th_Street_Unit111_Galveston_TX.jpg,"$214,000",Condo For Sale,18 photos,Comiskey Realty,2,1.5,905,905,
"215 Postoffice Street Unit 1101, Galveston, TX",https://www.estately.com/listings/info/215-postoffice-street-galveston-tx-77550--1,215_Postoffice_Street_Unit1101_Galveston_TX.jpg,"$134,900",Condo For Sale,19 photos,Rock Center Realty,1,1,578,578,
"3605 Avenue R, Galveston, TX",https://www.estately.com/listings/info/3605-avenue-r-galveston-tx-77550,3605_Avenue_R_Galveston_TX.jpg,"$795,000",House For Sale,49 photos,"Joe Tramonte Realty, Inc.",5,3.5,"3,400","5,198",
"1211 Avenue K Avenue, Galveston, TX",https://www.estately.com/listings/info/1211-avenue-k-avenue-galveston-tx-77550--1,1211_Avenue_K_Avenue_Galveston_TX.jpg,"$330,000",House For Sale,14 photos,REALM Real Estate Professionals - North Houston,2,2,"1,380","2,580",
"816 11th Street, Galveston, TX",https://www.estately.com/listings/info/816-11th-street-galveston-tx-77550--1,816_11th_Street_Galveston_TX.jpg,"$465,000",Multifamily For Sale,27 photos,SoCo Realty,3,2,"2,152","5,040",
"6300 Seawall Boulevard Unit 3208, Galveston, TX",https://www.estately.com/listings/info/6300-seawall-boulevard-galveston-tx-77551--125,6300_Seawall_Boulevard_Unit3208_Galveston_TX.jpg,"$209,000",Condo For Sale,14 photos,"Roy Shiflett, Realtors",1,1,474,474,
"3628 Avenue O, Galveston, TX",https://www.estately.com/listings/info/3628-avenue-o-galveston-tx-77550,3628_Avenue_O_Galveston_TX.jpg,"$535,000",Multifamily For Sale,11 photos,Texas Premier Realty,4,4,"2,979","2,580",
"1528 Church Street, Galveston, TX",https://www.estately.com/listings/info/1528-church-street-galveston-tx-77550,1528_Church_Street_Galveston_TX.jpg,"$485,000",Multifamily For Sale,14 photos,"Absolute Realty and Management , LLC.",1,1,"2,802","3,010",
"6102 Seawall Boulevard Unit 368A, Galveston, TX",https://www.estately.com/listings/info/6102-seawall-boulevard-galveston-tx-77551--173,6102_Seawall_Boulevard_Unit368A_Galveston_TX.jpg,"$199,999",Condo For Sale,26 photos,RE/MAX Leading Edge,1,1,462,462,
"6102 Seawall Boulevard Unit 389, Galveston, TX",https://www.estately.com/listings/info/6102-seawall-boulevard-galveston-tx-77551--172,6102_Seawall_Boulevard_Unit389_Galveston_TX.jpg,"$149,900",Condo For Sale,33 photos,RE/MAX Leading Edge,1,1,462,,
"28 Grand Beach Boulevard, Galveston, TX",https://www.estately.com/listings/info/28-grand-beach-boulevard-galveston-tx-77550,28_Grand_Beach_Boulevard_Galveston_TX.jpg,"$1,350,000",House For Sale,42 photos,Gisela DuVerney Properties LLC,4,3.5,"2,700","7,190",
"5123 Avenue L, Galveston, TX",https://www.estately.com/listings/info/5123-avenue-l-galveston-tx-77551--6,5123_Avenue_L_Galveston_TX.jpg,"$315,000",House For Sale,27 photos,Keller Williams Realty Clear Lake / NASA,2,2,"1,000","3,000",
"4628 Avenue O 1/2, Galveston, TX",https://www.estately.com/listings/info/4628-avenue-o-1-2-galveston-tx-77551,4628_Avenue_O_12_Galveston_TX.jpg,"$325,000",House For Sale,27 photos,Wagner McGee Realty,2,1,"1,248","6,000",
"2528 Ursuline Street, Galveston, TX",https://www.estately.com/listings/info/2528-ursuline-street-galveston-tx-77550,2528_Ursuline_Street_Galveston_TX.jpg,"$544,900",House For Sale,45 photos,"Joe Tramonte Realty, Inc.",3,2,"1,848","2,600",
"812 38th Street, Galveston, TX",https://www.estately.com/listings/info/812-38th-street-street-galveston-tx-77550,812_38th_Street_Galveston_TX.jpg,"$225,000",House For Sale,20 photos,JPAR - The Sears Group,3,1,902,"1,806",
"2114 52nd Street, Galveston, TX",https://www.estately.com/listings/info/2114-52nd-street-galveston-tx-77551,2114_52nd_Street_Galveston_TX.jpg,"$275,000",House For Sale,33 photos,Douglas Elliman Real Estate,2,1,772,"2,300",
"915 11th Street, Galveston, TX",https://www.estately.com/listings/info/915-11th-street-galveston-tx-77550--1,915_11th_Street_Galveston_TX.jpg,"$399,000",Multifamily For Sale,24 photos,"Joe Tramonte Realty, Inc.",–,–,"2,306","3,426",
"2927 Avenue L, Galveston, TX",https://www.estately.com/listings/info/2927-avenue-l-galveston-tx-77550,2927_Avenue_L_Galveston_TX.jpg,"$649,000",Multifamily For Sale,16 photos,RE/MAX Leading Edge,2,1,"7,168","13,104",
"1419 39th Street, Galveston, TX",https://www.estately.com/listings/info/1419-39th-street-galveston-tx-77550,1419_39th_Street_Galveston_TX.jpg,"$375,000",House For Sale,30 photos,Jana Perkins Properties,2,1,"1,128","3,426",
"2520 Avenue P 1/2, Galveston, TX",https://www.estately.com/listings/info/2520-avenue-p-1-2-galveston-tx-77550--8,2520_Avenue_P_12_Galveston_TX.jpg,"$550,000",House For Sale,38 photos,RE/MAX Leading Edge,4,2.5,"2,086","2,795",
"5614 Avenue P 1/2, Galveston, TX",https://www.estately.com/listings/info/5614-avenue-p-1-2-galveston-tx-77551--1,5614_Avenue_P_12_Galveston_TX.jpg,"$284,000",House For Sale,22 photos,Keller Williams Realty Clear Lake / NASA,2,2,"1,008","1,500",
"1314 26th Street, Galveston, TX",https://www.estately.com/listings/info/1314-26th-street-galveston-tx-77550,1314_26th_Street_Galveston_TX.jpg,"$449,000",House For Sale,20 photos,Rev Realty LLC,2,2,"1,137","1,785",
"500 Seawall Boulevard Unit 808, Galveston, TX",https://www.estately.com/listings/info/500-seawall-boulevard-galveston-tx-77550--20,500_Seawall_Boulevard_Unit808_Galveston_TX.jpg,"$910,000",Condo For Sale,40 photos,Berkshire Hathaway Home Services,3,2.5,"1,619",,
"5108 Avenue R, Galveston, TX",https://www.estately.com/listings/info/5108-avenue-r-galveston-tx-77551--2,5108_Avenue_R_Galveston_TX.jpg,"$339,000",House For Sale,23 photos,RE/MAX Leading Edge,3,2,"1,170","3,960",
"801 E Beach Drive Unit TW1106, Galveston, TX",https://www.estately.com/listings/info/801-e-beach-drive-galveston-tx-77550--52,801_E_Beach_Drive_UnitTW1106_Galveston_TX.jpg,"$1,295,000",Condo For Sale,45 photos,HomeSmart,3,3,"1,687",,
"2016 Strand Street Unit 8, Galveston, TX",https://www.estately.com/listings/info/2016-strand-street-galveston-tx-77550--1,2016_Strand_Street_Unit8_Galveston_TX.jpg,"$329,000",Condo For Sale,37 photos,Better Homes and Gardens Real Estate Gary Greene-Gary Greene-Galveston Intown,1,1,"1,033",,
"127 Bonita Avenue, Galveston, TX",https://www.estately.com/listings/info/127-bonita-avenue-galveston-tx-77550,127_Bonita_Avenue_Galveston_TX.jpg,"$517,000",House For Sale,38 photos,"Sand N Sea Properties, LLC",3,2,"2,654","6,514",
"1202 Avenue M 1/2, Galveston, TX",https://www.estately.com/listings/info/1202-avenue-m-1-2-galveston-tx-77550,1202_Avenue_M_12_Galveston_TX.jpg,"$589,999",House For Sale,35 photos,Keller Williams Premier Realty,2,1,"1,334","4,112",
"1101 Church Street, Galveston, TX",https://www.estately.com/listings/info/1101-church-street-galveston-tx-77550,1101_Church_Street_Galveston_TX.jpg,"$400,000",Multifamily For Sale,36 photos,RE/MAX Leading Edge,4,3,"1,992","5,140",
"4504 Fort Crockett Boulevard, Galveston, TX",https://www.estately.com/listings/info/4504-fort-crockett-boulevard-galveston-tx-77551,4504_Fort_Crockett_Boulevard_Galveston_TX.jpg,"$1,990,000",Multifamily For Sale,41 photos,Keller Williams Realty Clear Lake / NASA,3,–,"10,978",,
"6300 Seawall Boulevard Unit 3111, Galveston, TX",https://www.estately.com/listings/info/6300-seawall-boulevard-galveston-tx-77551--124,6300_Seawall_Boulevard_Unit3111_Galveston_TX.jpg,"$184,999",Condo For Sale,23 photos,eXp Realty LLC,1,1,474,474,
"6102 Seawall Boulevard Unit 341, Galveston, TX",https://www.estately.com/listings/info/6102-seawall-boulevard-galveston-tx-77551--171,6102_Seawall_Boulevard_Unit341_Galveston_TX.jpg,"$149,000",Townhouse For Sale,26 photos,RE/MAX Leading Edge,1,1,462,,
"921 Marine Drive Unit 102A, Galveston, TX",https://www.estately.com/listings/info/921-marine-drive-galveston-tx-77550--10,921_Marine_Drive_Unit102A_Galveston_TX.jpg,"$530,000",Condo For Sale,47 photos,RE/MAX Signature,3,2.5,"1,678","1,678",
"3411 Avenue M, Galveston, TX",https://www.estately.com/listings/info/3411-avenue-m-galveston-tx-77550--1,3411_Avenue_M_Galveston_TX.jpg,"$399,000",House For Sale,24 photos,RE/MAX Leading Edge,3,2,"1,581","5,136",
"7043 N Holiday Drive, Galveston, TX",https://www.estately.com/listings/info/7043-n-holiday-drive-galveston-tx-77550,7043_N_Holiday_Drive_Galveston_TX.jpg,"$133,000",Townhouse For Sale,22 photos,RE/MAX Leading Edge,1,1,724,724,
"1803 Bayou Homes Drive, Galveston, TX",https://www.estately.com/listings/info/1803-bayou-homes-drive-galveston-tx-77551,1803_Bayou_Homes_Drive_Galveston_TX.jpg,"$250,000",House For Sale,38 photos,Texas Signature Realty,3,2,"1,052","7,000",
"3520 Avenue R, Galveston, TX",https://www.estately.com/listings/info/3520-avenue-r-galveston-tx-77550--2,3520_Avenue_R_Galveston_TX.jpg,"$574,950",House For Sale,30 photos,ListWithFreedom.com,3,2.5,"1,775","5,119",
"5421 Avenue O 1/2, Galveston, TX",https://www.estately.com/listings/info/5421-avenue-o-1-2-galveston-tx-77551,5421_Avenue_O_12_Galveston_TX.jpg,"$412,867",Multifamily For Sale,44 photos,Coastal Living Properties,3,1,"1,232","6,000",
"7044 N Holiday Drive, Galveston, TX",https://www.estately.com/listings/info/7044-n-holiday-drive-galveston-tx-77550,7044_N_Holiday_Drive_Galveston_TX.jpg,"$155,000",Condo For Sale,16 photos,"AEA Realty, LLC",1,1,724,724,
"4618 Avenue S 1/2, Galveston, TX",https://www.estately.com/listings/info/4618-avenue-s-1-2-galveston-tx-77551,4618_Avenue_S_12_Galveston_TX.jpg,"$450,000",Multifamily For Sale,50 photos,Lee DeForke Jr.,2,1,"1,730","3,920",
"4427 Avenue O, Galveston, TX",https://www.estately.com/listings/info/4427-avenue-o-galveston-tx-77550,4427_Avenue_O_Galveston_TX.jpg,"$429,500",House For Sale,37 photos,Better Homes and Gardens Real Estate Gary Greene-Gary Greene-Galveston Intown,3,1.5,"2,180","9,120",
"6300 Seawall Boulevard Unit 9214, Galveston, TX",https://www.estately.com/listings/info/6300-seawall-boulevard-galveston-tx-77551--123,6300_Seawall_Boulevard_Unit9214_Galveston_TX.jpg,"$190,000",Condo For Sale,16 photos,"My Galveston Getaway, Inc.",1,1,474,474,
"1305 Postoffice, Galveston, TX",https://www.estately.com/listings/info/1305-postoffice-galveston-tx-77550,1305_Postoffice_Galveston_TX.jpg,"$1,025,000",House For Sale,46 photos,RE/MAX Leading Edge,3,2.5,"2,908","4,320",
"5220 Seawall Boulevard Unit 634, Galveston, TX",https://www.estately.com/listings/info/5220-seawall-boulevard-galveston-tx-77551--89,5220_Seawall_Boulevard_Unit634_Galveston_TX.jpg,"$524,959",Condo For Sale,20 photos,Partridge Properties,1,1,813,,
"4323 Avenue L, Galveston, TX",https://www.estately.com/listings/info/4323-avenue-l-galveston-tx-77550,4323_Avenue_L_Galveston_TX.jpg,"$319,400",House For Sale,44 photos,Winhill Advisors - Kirby,4,2,"1,464","5,160",
"12 Lyncrest Drive, Galveston, TX",https://www.estately.com/listings/info/12-lyncrest-drive-galveston-tx-77550--1,12_Lyncrest_Drive_Galveston_TX.jpg,"$314,900",House For Sale,15 photos,Tu Tran,3,2,"1,433","5,500",
"1118 Avenue K Rear, Galveston, TX",https://www.estately.com/listings/info/1118-avenue-k-rear-galveston-tx-77550,1118_Avenue_K_Rear_Galveston_TX.jpg,"$70,000",Land For Sale,11 photos,Weichert Realtors – The Hatmaker Group,–,–,–,"1,460",
"1310 25th Street, Galveston, TX",https://www.estately.com/listings/info/1310-25th-street-galveston-tx-77550--1,1310_25th_Street_Galveston_TX.jpg,"$915,000",House For Sale,50 photos,RE/MAX Leading Edge,3,2.5,"3,006","5,040",
"4928 Crockett Boulevard, Galveston, TX",https://www.estately.com/listings/info/4928-crockett-boulevard-galveston-tx-77551--1,4928_Crockett_Boulevard_Galveston_TX.jpg,"$659,000",House For Sale,50 photos,RE/MAX Leading Edge,4,3.5,"3,017","6,380",
"2806 Palm Cir E, Galveston, TX",https://www.estately.com/listings/info/2806-palm-cir-e-galveston-tx-77551--1,2806_Palm_Cir_E_Galveston_TX.jpg,"$380,000",House For Sale,38 photos,Walzel Properties - Corporate Office,3,2,"2,042","6,312",
"402 Post Office Street Unit 125, Galveston, TX",https://www.estately.com/listings/info/402-post-office-street-galveston-tx-77550--6,402_Post_Office_Street_Unit125_Galveston_TX.jpg,"$149,000",Condo For Sale,25 photos,RE/MAX Leading Edge,1,1,620,,
"6102 Seawall Boulevard Unit 213, Galveston, TX",https://www.estately.com/listings/info/6102-seawall-boulevard-galveston-tx-77551--169,6102_Seawall_Boulevard_Unit213_Galveston_TX.jpg,"$150,000",Condo For Sale,12 photos,"Compass RE Texas, LLC - The Heights",1,1,462,462,
"3025 Tern Drive, Galveston, TX",https://www.estately.com/listings/info/3025-tern-drive-galveston-tx-77551,3025_Tern_Drive_Galveston_TX.jpg,"$472,000",House For Sale,39 photos,Coldwell Banker TGRE,4,2.5,"2,336","7,141",
"1523 22nd Street, Galveston, TX",https://www.estately.com/listings/info/1523-22nd-street-galveston-tx-77550--1,1523_22nd_Street_Galveston_TX.jpg,"$345,000",House For Sale,50 photos,eXp Realty LLC,2,1,845,"5,156",
"3501 Church Street, Galveston, TX",https://www.estately.com/listings/info/3501-church-street-galveston-tx-77550--1,3501_Church_Street_Galveston_TX.jpg,"$69,500",Land For Sale,1 photo,Suntrust Realty,–,–,–,"2,880",
"2027 Victory Avenue, Galveston, TX",https://www.estately.com/listings/info/2027-victory-street-galveston-tx-77551--2,2027_Victory_Avenue_Galveston_TX.jpg,"$249,500",House For Sale,34 photos,Galveston Island Real Estate,3,2,"1,588","6,538",
"1211 33rd Street, Galveston, TX",https://www.estately.com/listings/info/1211-33rd-street-galveston-tx-77550--3,1211_33rd_Street_Galveston_TX.jpg,"$384,000",House For Sale,20 photos,Keller Williams Memorial,3,2,"1,260","1,863",
"1219 Sealy Street, Galveston, TX",https://www.estately.com/listings/info/1219-sealy-street-galveston-tx-77550,1219_Sealy_Street_Galveston_TX.jpg,"$489,000",House For Sale,45 photos,Coldwell Banker TGRE,3,3,"1,944","3,855",
"6102 Seawall Boulevard Unit 176, Galveston, TX",https://www.estately.com/listings/info/6102-seawall-boulevard-galveston-tx-77551--168,6102_Seawall_Boulevard_Unit176_Galveston_TX.jpg,"$199,000",Condo For Sale,12 photos,"Sand N Sea Properties, LLC",1,1,462,462,
"3411 Avenue O, Galveston, TX",https://www.estately.com/listings/info/3411-avenue-o-galveston-tx-77550--2,3411_Avenue_O_Galveston_TX.jpg,"$815,000",House For Sale,30 photos,RE/MAX Leading Edge,4,3.5,"3,570","7,290",
"1207 32nd Street, Galveston, TX",https://www.estately.com/listings/info/1207-32nd-street-galveston-tx-77550--2,1207_32nd_Street_Galveston_TX.jpg,"$519,000",House For Sale,28 photos,Texas Premier Realty,3,2,"1,400","2,182",
"2622 Ursuline Street, Galveston, TX",https://www.estately.com/listings/info/2622-ursuline-street-galveston-tx-77550,2622_Ursuline_Street_Galveston_TX.jpg,"$695,000",House For Sale,22 photos,"Save 1900 Realty, LLC",5,3,"3,178","5,140",
"4302 Avenue N 1/2, Galveston, TX",https://www.estately.com/listings/info/4302-avenue-n-1-2-galveston-tx-77550--1,4302_Avenue_N_12_Galveston_TX.jpg,"$375,000",House For Sale,32 photos,Century 21 Exclusive,3,1.5,"1,968","6,480",
"3527 Avenue O, Galveston, TX",https://www.estately.com/listings/info/3527-avenue-o-galveston-tx-77550--4,3527_Avenue_O_Galveston_TX.jpg,"$469,900",House For Sale,23 photos,"Dynamic Home Pros, LLC",3,2,"1,300","3,320",
"801 E Beach Drive Unit TW0710, Galveston, TX",https://www.estately.com/listings/info/801-e-beach-drive-galveston-tx-77550--50,801_E_Beach_Drive_UnitTW0710_Galveston_TX.jpg,"$995,000",Condo For Sale,50 photos,HomeSmart,2,2,"1,296",,
"1911 35th Street, Galveston, TX",https://www.estately.com/listings/info/1911-35th-street-galveston-tx-77550,1911_35th_Street_Galveston_TX.jpg,"$299,900",House For Sale,33 photos,Griffin Realty & Associates,2,1,800,"3,003",
"4105 Avenue M, Galveston, TX",https://www.estately.com/listings/info/4105-avenue-m-galveston-tx-77550--2,4105_Avenue_M_Galveston_TX.jpg,"$498,999",House For Sale,31 photos,REALM Real Estate Professionals - Galleria,5,4,"2,450","5,140",
"3328 Avenue Q, Galveston, TX",https://www.estately.com/listings/info/3328-avenue-q-galveston-tx-77550--2,3328_Avenue_Q_Galveston_TX.jpg,"$299,000",House For Sale,22 photos,"Joe Tramonte Realty, Inc.",2,1,800,"2,580",
"3013 Avenue M, Galveston, TX",https://www.estately.com/listings/info/3013-avenue-m-galveston-tx-77550--7,3013_Avenue_M_Galveston_TX.jpg,"$309,000",House For Sale,33 photos,Coldwell Banker TGRE,3,2,"1,860","1,548",
"1207 15th Street, Galveston, TX",https://www.estately.com/listings/info/1207-15th-street-galveston-tx-77550--1,1207_15th_Street_Galveston_TX.jpg,"$465,000",House For Sale,17 photos,"Sand N Sea Properties, LLC",2,2,"1,299","3,277",
"1302 56th Street, Galveston, TX",https://www.estately.com/listings/info/1302-56th-street-galveston-tx-77551,1302_56th_Street_Galveston_TX.jpg,"$365,000",House For Sale,49 photos,Gulf Coast Real Estate Experts,4,3,"2,114","3,500",
"3220 69th Street Unit H4, Galveston, TX",https://www.estately.com/listings/info/3220-69th-street-galveston-tx-77551--26,3220_69th_Street_UnitH4_Galveston_TX.jpg,"$240,000",Condo For Sale,28 photos,"Sand N Sea Properties, LLC",2,1,932,932,
"6300 Seawall Boulevard Unit 9329, Galveston, TX",https://www.estately.com/listings/info/6300-seawall-boulevard-galveston-tx-77551--122,6300_Seawall_Boulevard_Unit9329_Galveston_TX.jpg,"$200,000",Condo For Sale,31 photos,Braden Real Estate Group,1,1,480,480,
"4901 Wharton Drive, Galveston, TX",https://www.estately.com/listings/info/4901-wharton-drive-galveston-tx-77551,4901_Wharton_Drive_Galveston_TX.jpg,"$395,000",House For Sale,25 photos,Jason Mitchell Real Estate LLC,3,1,"1,424","5,500",
"916 Sealy Street, Galveston, TX",https://www.estately.com/listings/info/916-sealy-street-galveston-tx-77550,916_Sealy_Street_Galveston_TX.jpg,"$450,000",House For Sale,12 photos,JPAR - The Sears Group,4,3,"1,838","6,550",
"5619 Avenue Q 1/2, Galveston, TX",https://www.estately.com/listings/info/5619-avenue-q-1-2-galveston-tx-77551--4,5619_Avenue_Q_12_Galveston_TX.jpg,"$299,000",House For Sale,49 photos,Galveston Island Real Estate,2,1,768,"6,000",
"122 Dolphin Avenue, Galveston, TX",https://www.estately.com/listings/info/122-dolphin-avenue-galveston-tx-77550,122_Dolphin_Avenue_Galveston_TX.jpg,"$569,000",House For Sale,42 photos,RE/MAX Leading Edge,4,2.5,"2,082","5,997",
"7301 Palmira Way, Galveston, TX",https://www.estately.com/listings/info/7301-palmira-way-galveston-tx-77551,7301_Palmira_Way_Galveston_TX.jpg,"$348,000",House For Sale,39 photos,JPAR - The Sears Group,4,2.5,"1,416","3,551",
"16 Gulf Lane, Galveston, TX",https://www.estately.com/listings/info/16-gulf-lane-galveston-tx-77550,16_Gulf_Lane_Galveston_TX.jpg,"$575,000",House For Sale,23 photos,Coastal Living Properties,3,2.5,"3,050","9,188",
"610 13th Street, Galveston, TX",https://www.estately.com/listings/info/610-13th-street-galveston-tx-77550--1,610_13th_Street_Galveston_TX.jpg,"$419,900",House For Sale,37 photos,RE/MAX Synergy,3,2,"1,540","2,747",
"2925 Avenue O, Galveston, TX",https://www.estately.com/listings/info/2925-avenue-o-galveston-tx-77550,2925_Avenue_O_Galveston_TX.jpg,"$995,000",House For Sale,49 photos,Coldwell Banker TGRE,4,2.5,"3,959","15,432",
"6102 Seawall Boulevard Unit 209, Galveston, TX",https://www.estately.com/listings/info/6102-seawall-boulevard-galveston-tx-77551--167,6102_Seawall_Boulevard_Unit209_Galveston_TX.jpg,"$135,000",Condo For Sale,21 photos,RE/MAX Leading Edge,1,1,462,462,
"6102 Seawall Boulevard Unit 138, Galveston, TX",https://www.estately.com/listings/info/6102-seawall-boulevard-galveston-tx-77551--166,6102_Seawall_Boulevard_Unit138_Galveston_TX.jpg,"$135,000",Condo For Sale,26 photos,RE/MAX Leading Edge,1,1,462,462,
"5327 Menard Avenue, Galveston, TX",https://www.estately.com/listings/info/5327-menard-avenue-galveston-tx-77551--1,5327_Menard_Avenue_Galveston_TX.jpg,"$345,000",House For Sale,34 photos,"Sand N Sea Properties, LLC",3,2,"1,387","4,200",
"315 23rd Street, Galveston, TX",https://www.estately.com/listings/info/315-23rd-street-galveston-tx-77550,315_23rd_Street_Galveston_TX.jpg,"$175,000",Condo For Sale,44 photos,"Tranzon Asset Advisors of TX, LLC",1,1,"7,368","3,825",
"1415 Avenue K, Galveston, TX",https://www.estately.com/listings/info/1415-avenue-k-galveston-tx-77550--1,1415_Avenue_K_Galveston_TX.jpg,"$375,000",House For Sale,28 photos,Redfin Corporation,2,2,"1,284","5,136",
"525 22nd Street Unit 5, Galveston, TX",https://www.estately.com/listings/info/525-22nd-street-galveston-tx-77550--2,525_22nd_Street_Unit5_Galveston_TX.jpg,"$475,000",Condo For Sale,50 photos,Denise Lewis Properties,2,1,"1,966","1,966",
"2901 Broadway Street, Galveston, TX",https://www.estately.com/listings/info/2901-broadway-street-galveston-tx-77550--2,2901_Broadway_Street_Galveston_TX.jpg,"$495,000",House For Sale,39 photos,RE/MAX Leading Edge,5,2.5,"6,300","10,280",
"Lot 2 Maco, Galveston, TX",https://www.estately.com/listings/info/lot-2-maco-galveston-tx-77551--3,Lot_2_Maco_Galveston_TX.jpg,"$400,000",Land For Sale,12 photos,RE/MAX Leading Edge,–,–,–,"6,415",
"3723 Church Street, Galveston, TX",https://www.estately.com/listings/info/3723-church-street-galveston-tx-77550,3723_Church_Street_Galveston_TX.jpg,"$45,000",Land For Sale,1 photo,RE/MAX Signature,–,–,–,"1,680",
